AT onwind,AT solar,AT ocgt,BA onwind,BA solar,BA ocgt,BE onwind,BE offwind,BE solar,BE ocgt,BG onwind,BG offwind,BG solar,BG ocgt,CH onwind,CH solar,CH ocgt,CZ onwind,CZ solar,CZ ocgt,DE0 onwind,DE1 onwind,DE2 onwind,DE offwind,DE solar,DE ocgt,DK onwind,DK offwind,DK solar,DK ocgt,EE onwind,EE offwind,EE solar,EE ocgt,ES0 onwind,ES1 onwind,ES2 onwind,ES3 onwind,ES offwind,ES solar,ES ocgt,FI0 onwind,FI1 onwind,FI2 onwind,FI offwind,FI solar,FI ocgt,FR0 onwind,FR1 onwind,FR2 onwind,FR3 onwind,FR offwind,FR solar,FR ocgt,GB0 onwind,GB1 onwind,GB offwind,GB solar,GB ocgt,GR onwind,GR offwind,GR solar,GR ocgt,HR onwind,HR offwind,HR solar,HR ocgt,HU onwind,HU solar,HU ocgt,IE onwind,IE offwind,IE solar,IE ocgt,IT0 onwind,IT1 onwind,IT2 onwind,IT offwind,IT solar,IT ocgt,LT onwind,LT offwind,LT solar,LT ocgt,LU onwind,LU solar,LU ocgt,LV onwind,LV offwind,LV solar,LV ocgt,NL onwind,NL offwind,NL solar,NL ocgt,NO0 onwind,NO1 onwind,NO2 onwind,NO offwind,NO solar,NO ocgt,PL0 onwind,PL1 onwind,PL2 onwind,PL offwind,PL solar,PL ocgt,PT onwind,PT offwind,PT solar,PT ocgt,RO0 onwind,RO1 onwind,RO offwind,RO solar,RO ocgt,RS onwind,RS solar,RS ocgt,SE0 onwind,SE1 onwind,SE2 onwind,SE3 onwind,SE offwind,SE solar,SE ocgt,SI onwind,SI solar,SI ocgt,SK onwind,SK solar,SK ocgt,co2_emission,objective_value
1.4491018737e-05,2.73841555447e-05,20363.9668175,1.46257268379e-05,2.92282040328e-05,3891.02334225,5.09664743124e-05,2.73832333565e-05,1.73035347312e-05,13391.7355737,1.32699308224e-05,5.91715065786e-06,3.07465701514e-05,10843.0846326,1.21350064813e-05,3.33454488819e-05,13175.1500844,1.74548395774e-05,2.28972845015e-05,12319.3858664,1.86856425497e-05,2.60233651203e-05,0.000477445197321,1.48165313866e-05,1.68043702469e-05,22678.1672469,40474.0201552,1.31863762762e-05,1.51888842853e-05,20028.2311227,36332.6361998,1.11552020804e-05,1.35284988152e-05,12495.7574945,1.13075236563e-05,1.29510684585e-05,1.65615907373e-05,2.83834836386e-05,5.8140965994e-06,3.81922509172e-05,26926.3697554,3.08854191615e-05,3.15665877589e-05,0.000116049837225,8.56567755519e-06,1.36917411926e-05,12816.2620559,1.52986006523e-05,2.17483623288e-05,3.31581263071e-05,44354.7629935,1.44564396108e-05,1.91194328614e-05,19685.3227739,0.00270975902351,126070.735694,1.29875582191e-05,1.19802986141e-05,15850.0657521,1.52398602711e-05,1.03934187339e-05,3.6237867739e-05,16084.6940713,1.50365675105e-05,7.29478225924e-06,2.93008930075e-05,5613.34621096,1.65795873215e-05,2.68503113199e-05,12451.6212425,56771.7314546,9.62936194771e-06,1.26843473699e-05,14722.8233255,9.96478937091e-06,1.2826403145e-05,1.9419701953e-05,6.25181676915e-06,3.19819202948e-05,34222.5888019,6.42089385204e-05,1.02295772868e-05,1.47397485261e-05,12832.4382219,3.37870485596e-05,1.66174934637e-05,1908.65112375,57263.7164133,1.12532651002e-05,1.44319699829e-05,12500.4236336,27852.9534325,1.40652554186e-05,1.61408940223e-05,17781.6269917,1.54277897985e-05,2.68489846312e-05,85672.7038819,1.31872226719e-05,1.33763814815e-05,15310.271332,2.27812355343e-05,2.42738858137e-05,3.66574689626e-05,1.22097153283e-05,1.46606838111e-05,12222.6524424,1.76863275164e-05,7.0749039096e-06,4.24287405021e-05,15413.6661226,1.00425890282e-05,1.4082759065e-05,6.79676735447e-06,2.46314586778e-05,9762.95800002,1.18348647578e-05,2.91029373561e-05,13768.5795361,2.01363968348e-05,2.16400400699e-05,2.66845195954e-05,132522.987731,8.58228058309e-06,1.57930762274e-05,14658.5159591,9.23396811967e-06,2.50780140791e-05,4331.04936999,1.48291918658e-05,2.40518303202e-05,11302.9452766,602316030.3791357,176426237835.8114
1690.62612683,2.17752046485e-11,14097.5332077,1729.97527341,2.09253609118e-11,14205.9990183,3939.7543138,1639.79998126,2.46820491841e-11,15483.5962684,1661.78274965,774.924320039,2.03036183094e-11,14688.9571476,1627.6193016,2.05204361102e-11,13977.6019112,2121.93569181,2.26738443916e-11,14247.3539843,1783.56200045,2322.96529808,8522.52613328,1079.10558058,2.3802015684e-11,14525.3658293,39907.0047779,1043.31859625,2.56760703385e-11,14680.8042653,30502.9372263,1006.46594239,2.59876677779e-11,13012.0153882,1574.32828249,1538.23387616,1664.95496423,2307.40033301,672.875984845,2.01925038494e-11,16871.9889485,2313.64326131,2368.93394558,4669.96986334,813.541261744,2.74423500733e-11,13215.851434,1620.38924433,1909.40225529,2535.61524544,33372.421123,1084.8019913,2.32110833688e-11,15189.4848889,3537.38502283,126069.533271,907.207354363,2.72264872275e-11,11364.2935843,1559.31344294,894.711673685,1.99454221272e-11,14832.7169012,2065.26803133,979.039867697,2.08922692008e-11,14101.86645,1986.94050807,2.11024791465e-11,14223.4687701,56544.1202945,815.465876663,2.83203611934e-11,11402.9298934,1578.72871943,1518.61997511,1721.61171662,689.021356587,2.06035470562e-11,14014.8182836,3803.69311992,940.725264658,2.60523000596e-11,12972.4364268,3150.36966934,2.36933877716e-11,14590.9173651,30500.7304258,972.853987002,2.63299341586e-11,13027.5698312,26355.2181062,1142.19680186,2.53667033492e-11,14514.1781054,1528.619862,2009.33195902,47192.8133305,991.138929359,3.01258747961e-11,12576.7558286,1979.66030776,2105.9316774,2838.38706535,1200.16979471,2.4917899381e-11,15965.7460327,1916.87876592,740.724791234,1.99169432178e-11,17244.7239704,1612.80993762,1593.49179475,819.349959119,2.10351226606e-11,14388.6760768,1787.30547165,2.07293819031e-11,14863.0966721,1849.04047682,1943.05233648,2073.33217652,131192.379492,810.298475698,2.69251684138e-11,13123.1979243,1962.22399896,2.15435041214e-11,14083.5698863,1947.25163929,2.18787027022e-11,14216.3845988,616150853.0571529,185247549727.7079
3.2600022279e-06,6.53934288144e-06,20864.9879229,2.78111507783e-06,7.22407677386e-06,20820.0928361,8.72617706742e-06,3.24958474133e-06,4.13834112706e-06,24915.7773754,3.13635121126e-06,1.15480297237e-06,7.72195999968e-06,21455.7159183,2.81596760648e-06,7.94300868438e-06,20837.03548,4.30746312886e-06,5.50393208236e-06,20799.0515683,4.0828256363e-06,5.73717408561e-06,8.21607584399e-05,3.79080112137e-06,4.63616590983e-06,21087.7875609,40474.0201605,3.55537276198e-06,3.61576020026e-06,21090.3927787,36332.6363408,2.47709413969e-06,3.39959726787e-06,18279.2345558,2.77639294898e-06,2.95888841759e-06,3.45144623772e-06,4.79750372913e-06,1.42897292475e-06,1.12409808709e-05,27057.3602333,7.2646208213e-06,7.62586196339e-06,2.94392305553e-05,2.14938758841e-06,3.30265080498e-06,20316.3468015,3.20361581211e-06,3.88399592947e-06,5.13926117877e-06,1.4959449489e-05,2.33525764359e-06,5.23594475583e-06,24711.2696681,66134.1761392,126070.73574,2.85418260774e-06,3.30945845813e-06,15759.8814284,3.62988254256e-06,2.26213489226e-06,9.05194596397e-06,21579.8516168,3.37077080145e-06,1.38699128726e-06,7.14005005639e-06,20770.7394905,3.40861603175e-06,6.62475570777e-06,20899.1929963,56771.7314677,2.31884899098e-06,3.02030777287e-06,15804.4847218,2.64894653324e-06,2.88961953993e-06,3.83990647166e-06,1.34249659175e-06,8.78780143174e-06,21232.6549318,1.77146463385e-05,2.4530745296e-06,3.48677015868e-06,18312.0191897,5.20737082268e-06,4.56588137253e-06,21071.9832714,57263.7166118,2.44837364311e-06,3.44845565504e-06,18292.1720229,27852.9534676,3.43195149253e-06,3.82214280814e-06,20927.8406803,3.36077028733e-06,5.04402348678e-06,3.48692521526e-05,2.23718642019e-06,3.29217851384e-06,28871.6791442,5.14973818935e-06,5.616383541e-06,7.88915415598e-06,2.65082828105e-06,4.05383773247e-06,22430.1896611,3.79404397606e-06,1.385362114e-06,1.02630991505e-05,27301.9343691,2.67005253094e-06,3.36401130693e-06,1.66036255097e-06,6.68515416045e-06,21218.9103652,2.83260482869e-06,7.18644226406e-06,21491.1374587,4.95737477976e-06,5.39689543324e-06,6.42210578589e-06,132522.987768,2.15804947424e-06,3.73575169617e-06,20304.2138419,2.3821193892e-06,6.52976534949e-06,20847.5263206,3.16099111508e-06,5.80165971004e-06,20765.4767312,664669844.6081246,185247549728.6579
1.93675574637e-06,1.02133586456e-05,13867.466718,1.76879684805e-06,1.36992396475e-05,13928.4491097,5.44052204199e-06,5.83498593108e-06,4.50022409183e-06,16475.0220982,1.83493981837e-06,9.01365297609e-07,1.68596242513e-05,14758.0250252,1.79183132681e-06,1.80465368058e-05,13775.3627083,2.42417872035e-06,7.01344800935e-06,14041.883829,2.49769113867e-06,3.41098294154e-06,9.93764889042e-06,3.47548996394e-06,5.31009738393e-06,16488.8059835,40474.0201607,3.16658572915e-06,3.7489624345e-06,16476.4098487,1.22136933133e-05,2.32079733805e-06,3.56313992758e-06,19748.5143535,1.72262023971e-06,1.80643416735e-06,2.05209679776e-06,2.63202776601e-06,1.12788185826e-06,168639.42923,17833.8579686,3.34555926819e-06,3.55968883177e-06,6.47024077531e-06,1.81415764437e-06,3.38506278925e-06,20479.1030814,2.0758678212e-06,2.49318542803e-06,3.26274304704e-06,5.8762174012e-06,2.4732048737e-06,6.61579037704e-06,16362.0957257,1.67714921568e-05,126070.735743,2.8598311761e-06,3.39868622448e-06,10611.8491945,2.01854695507e-06,1.72174445752e-06,3.19200547632e-05,14876.6184212,2.22471203115e-06,1.26468446344e-06,1.31175817137e-05,13903.5111451,2.09754459243e-06,1.03948458895e-05,13904.0644376,56771.7314681,2.01622960995e-06,3.0435448491e-06,10562.8467677,1.6666590042e-06,1.80520519778e-06,2.24737310371e-06,1.08711132553e-06,2.47277668506e-05,14238.3579436,5.27163335137e-06,2.19355509719e-06,3.63179232489e-06,19705.4269391,3.94882776056e-06,5.09375554078e-06,16435.1342405,1.08283691403e-05,2.26104503609e-06,3.61357107151e-06,19745.6462356,2.80853430602e-05,3.52211132245e-06,4.0723756447e-06,16405.0096034,2.11511506909e-06,2.97151477746e-06,7.49027249915e-06,2.20046281115e-06,3.37423043117e-06,23789.5106874,2.75090718504e-06,2.93040732427e-06,3.76376966216e-06,2.49226044832e-06,4.46514795576e-06,17429.0962499,2.12788429035e-06,1.06803382665e-06,0.000209178614439,18015.6492964,1.65107346356e-06,1.91596405294e-06,1.30545042927e-06,1.1296105517e-05,14522.8452415,1.7141201708e-06,1.31286661825e-05,14679.1954638,2.62158307287e-06,2.78340151725e-06,3.32327507461e-06,76707.2498399,1.93538679096e-06,3.93186006536e-06,21138.0047978,1.60036498836e-06,1.05817131884e-05,13855.5538183,1.94376744629e-06,7.77846661894e-06,14002.8901548,893075327.431639,185247549727.81287
1.25420779575e-05,0.000226844886238,14798.3554627,1.10788688786e-05,0.00028746402683,14728.2047519,3.90170001938e-05,2.80255727203e-05,4.49866813258e-05,17209.0561976,1.14023369128e-05,4.35388999098e-06,61906.8009991,14303.1544453,1.17692156573e-05,0.000591928769481,14759.3256531,1.60891675817e-05,9.59287862565e-05,15448.1995697,1.60140571078e-05,2.24127664374e-05,8.84576476839e-05,1.47540163577e-05,5.76476123584e-05,16495.9020387,40474.020159,1.37081004049e-05,3.53327785447e-05,16545.1079215,10463.6781697,1.06849241171e-05,3.7235936423e-05,15566.7131634,1.09102363974e-05,1.16334331613e-05,1.43047028951e-05,2.26199276106e-05,5.83350489411e-06,269652.545954,18860.8023202,2.73804653379e-05,2.78334329269e-05,8.21914679685e-05,8.55706302978e-06,3.30579835849e-05,15424.668368,1.42566002142e-05,1.8548625011e-05,2.74537880752e-05,0.000159776101735,1.34167846537e-05,6.16793087963e-05,17193.4517669,0.000197506754269,126070.735742,1.31527619051e-05,2.95756929279e-05,11742.185813,1.35300335073e-05,9.64434725214e-06,55777.0863213,14327.9320109,1.63182892532e-05,6.80016509602e-06,0.000250263558987,14668.753942,1.3593386257e-05,0.000210364634716,14840.6417469,56771.7314673,9.22746622619e-06,2.69068788586e-05,11689.4101335,1.11687133297e-05,1.13806210098e-05,1.51315339999e-05,5.63775889588e-06,0.000958955309238,15031.4310524,4.81931614171e-05,9.83618232911e-06,3.6619089423e-05,15479.2331549,2.46337484612e-05,5.28027938467e-05,16498.9729523,27707.359336,1.06440458943e-05,3.72594742907e-05,15611.1711988,27852.9534678,1.45800734589e-05,4.10675652818e-05,16313.5589088,1.37767784184e-05,2.32764524825e-05,4616.8435006,1.21808698816e-05,2.92036647847e-05,18531.1902628,1.9380903509e-05,2.11895363551e-05,3.10408841865e-05,1.54217609184e-05,4.68326627165e-05,18490.967089,1.47071883674e-05,5.53196321937e-06,38532.0548142,18911.592144,1.00259351214e-05,1.24062672025e-05,6.71646418837e-06,0.000355287834302,14251.9732376,1.05419172509e-05,0.000349396343785,14458.2703375,1.8623655177e-05,1.94756012218e-05,2.27857950446e-05,132522.98777,9.31526740322e-06,3.75144473526e-05,15334.0938157,1.01964287432e-05,0.000140732746594,14830.7368101,1.22604342262e-05,0.000126638197726,15422.4099547,594974304.3856114,185247549728.28613
6.90654878996e-05,6.54970422657e-05,12953.9286698,6.01472548524e-05,6.43048555414e-05,13430.0955507,0.000103004015705,0.000205400718779,5.56458206557e-05,12179.3047271,8.45777506538e-05,6.2396377468e-05,6.47866734279e-05,14094.7278706,5.94723291542e-05,6.71631169445e-05,12885.1748651,9.3323152058e-05,6.28086776441e-05,12961.3334794,6.54568492483e-05,8.60700409522e-05,0.000443887957077,29457.6682548,6.00744756585e-05,11309.0436159,40474.0201512,3717.29505147,5.26156346831e-05,11159.0923649,0.00249065544692,7.70444341464e-05,5.10480282845e-05,11789.9973267,4.93324094759e-05,5.23684774187e-05,6.47783152541e-05,0.000107712301963,3.51437671858e-05,9.38002549454e-05,13192.0458689,9.48651728454e-05,8.49938692995e-05,0.00014688847239,4.28464237102e-05,5.2211549308e-05,10106.4400487,7.2409312839e-05,0.000103319246673,0.000140473727639,120019.509494,0.000140381628736,6.24142632716e-05,12091.6363718,72616.0283967,126070.735743,0.000254703944011,5.01403149013e-05,9038.28612142,0.000117960851084,0.000108194425897,6.77630848799e-05,14175.7702127,9.27634792838e-05,6.10547373987e-05,6.48662007525e-05,13422.2327593,6.27998300728e-05,6.38931132446e-05,13064.0828433,56771.7314492,7.65878801302e-05,4.71977095032e-05,9073.9863734,5.68375538418e-05,6.69203246382e-05,9745.4362061,5.31352258698e-05,6.74854952756e-05,12541.4194004,0.000118070895155,7.30896598738e-05,5.1470870428e-05,11491.1405082,9.04281519926e-05,5.91740757764e-05,11382.2005011,57263.7166117,7.78599242456e-05,5.16748339031e-05,11460.9575666,0.00035290832233,0.0002129455414,5.43372405883e-05,11335.0838358,6.88826036206e-05,0.000146703730501,85672.7039377,42695.0916477,5.29209909133e-05,7896.13051592,9.86242104126e-05,0.000112358626517,0.00020058107879,8.53691922643e-05,5.59512173368e-05,14015.3906637,9.34181493731e-05,4.02859507838e-05,9.77638782883e-05,13289.8868032,4.81664797876e-05,7.22508091515e-05,0.000616344812624,6.39001572778e-05,13901.6245696,5.19193611066e-05,6.43236850732e-05,14068.0782068,7.53398848729e-05,7.44608006549e-05,7.8741992681e-05,131597.674305,5.06047248873e-05,5.60703775173e-05,9942.01266708,4.81039230629e-05,6.36033871744e-05,12980.8407506,5.96757988586e-05,6.26247158709e-05,13038.8751019,411801465.3755807,185247549728.15085
2.70343403913e-05,1.09176144518e-05,13779.6797983,2.25301252902e-05,1.07532872442e-05,14419.835702,8.19818085434e-05,1.31284642502e-05,9.87800691071e-06,12888.0585792,2.3049339457e-05,4.68907965686e-06,1.04216741603e-05,14823.9516453,2.3483980611e-05,1.09380569551e-05,13651.7568294,3.54058277576e-05,1.06611110756e-05,13949.5587694,3.15173359902e-05,4.71583156709e-05,55867.8763618,9.68188724775e-06,1.04592654324e-05,12454.9560577,40474.0201604,9.33948028179e-06,9.51587954858e-06,12521.6174373,36332.6363412,8.43889377448e-06,9.27384919442e-06,12043.3125178,2.07331360268e-05,2.33019911986e-05,3.68555594126e-05,0.0020540683025,6.75561611593e-06,1.07803080585e-05,13723.3073984,0.000120861527487,6.87302840793e-05,90553.9102453,7.68624008137e-06,9.24220856801e-06,10528.6439667,3.30228377535e-05,5.88454164205e-05,0.000205104860298,120019.509493,1.12957649499e-05,1.04337169713e-05,12740.8726394,66377.1778619,126070.735742,9.87622965313e-06,9.16353031303e-06,9704.99479294,3.34515735161e-05,1.07247188604e-05,1.07785483529e-05,14951.0074651,6.3112278541e-05,8.01188739632e-06,1.07531155475e-05,14315.4849067,3.52180511955e-05,1.06337444521e-05,13922.3020442,56771.7314668,8.06754400066e-06,8.6444742599e-06,9740.41726425,2.02323518154e-05,2.29330385788e-05,4.65939877883e-05,6.63666030853e-06,1.06092961118e-05,13735.3954195,0.000175778529972,7.77723853065e-06,9.41893405924e-06,12069.0638817,6.19574272609e-05,1.0591165066e-05,12516.2237737,57263.7166117,8.5085466496e-06,9.43229559621e-06,12064.3942184,27852.9534668,9.67154800236e-06,9.75429176863e-06,12407.6979704,2.81948858999e-05,0.00010138017058,85672.7039585,1.22199319643e-05,9.43355725772e-06,10193.800011,4.79017500111e-05,5.66577039164e-05,0.000142126656469,1.10860271747e-05,1.00054223755e-05,14426.0704588,4.20077558456e-05,6.36125680942e-06,1.07456435909e-05,13909.2724662,1.84098752178e-05,2.83694818153e-05,7.16335400966e-06,1.04021436503e-05,14545.4839422,2.08061104797e-05,1.063821328e-05,15045.6441473,4.95476829724e-05,4.76909493615e-05,5.01949874111e-05,132522.987763,8.18432148523e-06,9.89048531959e-06,10541.6623067,2.07998924364e-05,1.06288184201e-05,13780.2450254,2.87646874288e-05,1.05835909708e-05,13940.4073413,366763982.1630603,185247549728.8854
4.87932355615e-06,6.43785539805e-06,21068.9596809,4.23368686733e-06,6.86208214419e-06,21276.5971991,1.26349968656e-05,4.20644975673e-06,4.63483206681e-06,24200.7575798,4.62413149865e-06,1.67891199953e-06,7.07785319509e-06,21665.4582835,4.39672033957e-06,7.31880915683e-06,20965.9210823,6.20414693785e-06,5.78005213464e-06,21090.8151396,5.96632794899e-06,8.37889992379e-06,23401.5758663,4.56106489222e-06,5.13710441845e-06,20389.0790395,40474.02016,4.29975764771e-06,4.29323992192e-06,20515.0554217,36332.6363412,3.16649476274e-06,4.03958076141e-06,19230.5806323,4.33577151177e-06,4.51722160411e-06,5.12318441511e-06,7.38632621818e-06,2.08108315944e-06,8.23056428932e-06,25738.2527417,1.05196010078e-05,1.0818170978e-05,9.56121971288e-05,2.70777708526e-06,3.98008871817e-06,20504.2246451,5.02166143701e-06,6.00119894661e-06,7.99959106763e-06,2.90164776171e-05,3.15260283524e-06,5.39977189784e-06,23888.6806164,72616.0283883,126070.735738,3.48454352072e-06,4.04514991494e-06,16426.5991654,5.336732519e-06,2.97297458708e-06,8.04185827918e-06,21759.8409458,5.2371228618e-06,2.06275765344e-06,6.79346955191e-06,21213.3593025,5.12277256597e-06,6.45819571892e-06,21162.1143519,56771.7314681,2.88515696999e-06,3.74930677416e-06,16463.5879624,4.64520612382e-06,4.5113463303e-06,5.54158282665e-06,2.02604437578e-06,7.41357024439e-06,21228.9094227,3.02881850119e-05,3.0701042137e-06,4.14260161994e-06,19229.1709296,8.12750299035e-06,4.5265883231e-06,20417.3984161,57263.7166118,3.13050791381e-06,4.12139964533e-06,19240.6167658,27852.9534682,4.25251037146e-06,4.43539869572e-06,20361.9985448,5.05095951883e-06,7.46347902224e-06,7622.54641925,3.0817828407e-06,4.09847279833e-06,22702.3895104,7.51728318123e-06,8.25682033042e-06,1.21659732686e-05,3.47045987075e-06,4.63986495572e-06,22287.7778642,5.5944099055e-06,1.99919185778e-06,8.00383265581e-06,26243.7294148,4.09583099818e-06,4.91943373075e-06,2.20521955882e-06,6.31981185515e-06,21373.1556528,4.2788273797e-06,6.87043443429e-06,21890.832966,7.0323843952e-06,7.54207906999e-06,8.64303886453e-06,132522.987756,2.71959978051e-06,4.33710466833e-06,20432.4568941,3.74524346199e-06,6.36136536648e-06,21037.9730336,4.78803820441e-06,5.94191069455e-06,21049.3154356,624557188.1396238,185247549728.63828
3.40479773603e-08,3.44217814198e-08,20713.0515244,2.99381537183e-08,3.546277455e-08,20589.1258868,8.25624516445e-08,3.54002365454e-08,2.84439524968e-08,24652.8952439,3.27088438529e-08,1.31862340217e-08,3.54446258776e-08,21247.1028936,3.0533841094e-08,3.60912117247e-08,20683.1378027,4.33482426276e-08,3.22316988248e-08,20677.5905173,4.18787879814e-08,5.7056637913e-08,3.34426834879e-07,3.83470122126e-08,3.04448670752e-08,21366.7306686,40474.0201607,3.59931910216e-08,2.66186230098e-08,21384.2151509,36332.6363412,2.64998446238e-08,2.53804447507e-08,18227.3087082,2.99428213692e-08,3.14084924401e-08,3.50267010675e-08,4.58585193101e-08,1.5725763985e-08,4.0111359583e-08,26861.7471073,6.52886779636e-08,6.85464533695e-08,1.74014487257e-07,2.29805317203e-08,2.55472423373e-08,20263.3240688,3.38042305648e-08,3.95257601814e-08,5.03420927068e-08,9.72284456374e-08,2.47142770185e-08,3.21407927277e-08,24435.0338703,38775.827716,126070.735743,3.04509721949e-08,2.58085299808e-08,16023.1302869,3.66759827978e-08,2.31812289256e-08,3.71763673692e-08,21374.3525592,3.4982649353e-08,1.55024980177e-08,3.5258243425e-08,20537.7840122,3.5218112257e-08,3.42417428331e-08,20749.0344272,56771.7314681,2.52150188267e-08,2.420000418e-08,16057.8065582,3.02087349133e-08,3.12219928153e-08,3.79933011436e-08,1.5186459513e-08,3.7579390939e-08,21089.2295219,1.39070328792e-07,2.6100105982e-08,2.59639492386e-08,18258.9708053,5.35082284495e-08,3.03957656855e-08,21355.2059606,57263.7166117,2.61788747405e-08,2.59097320736e-08,18239.0346771,27852.9534683,3.57784713233e-08,2.74141803472e-08,21227.0520203,3.51809418629e-08,4.90691835151e-08,1.70503744895e-07,2.36740287274e-08,2.66051736507e-08,27959.8365631,5.03282764619e-08,5.41112172747e-08,7.19612454829e-08,2.81038684579e-08,2.85161544632e-08,22336.7006266,3.79292718111e-08,1.53697537703e-08,3.86782527838e-08,27120.7820845,2.86895729855e-08,3.43640355614e-08,1.77415418822e-08,3.42200904722e-08,20988.0028723,3.01215932489e-08,3.52355856233e-08,21270.849649,4.82348513242e-08,5.16720867785e-08,6.04316869742e-08,132522.98777,2.32517006787e-08,2.78836297544e-08,20251.4957136,2.65379816603e-08,3.42388722822e-08,20695.3656425,3.32934938696e-08,3.2635077563e-08,20643.4591548,696465679.8392432,185247549727.53146
9.74656406629e-06,7.3290735586e-06,13412.704904,9.44185357848e-06,7.21045358552e-06,13401.3564865,3.48544604221e-05,3701.1229713,6.77019317941e-06,17833.3585368,8.6399586646e-06,4.64793906435e-06,7.23717943589e-06,14154.749055,9.9435603202e-06,7.36148470954e-06,13357.8332901,1.14974784614e-05,7.07465878488e-06,13236.8438467,1.29101146455e-05,1.79825721818e-05,3.56041689409e-05,1.71856502947e-05,6.98141968872e-06,17339.0803176,40474.0201569,1.52075682283e-05,6.52190238949e-06,17261.5365231,3.04940104411e-05,1.35649458085e-05,6.23271916269e-06,20336.4669464,9.11354948211e-06,9.48339492779e-06,1.104799948e-05,1.63302298151e-05,6.57676679184e-06,7.70896629577e-06,20496.4569757,1.42375720621e-05,1.44004117379e-05,2.18943858547e-05,9.45762084322e-06,6.32879633784e-06,16286.9975844,1.30113834513e-05,1.75141408466e-05,2.85933111589e-05,9.01230630882e-05,7.26183635945e-05,7.25926384715e-06,17814.0756118,4.62127259409e-05,126070.73571,2.13848628581e-05,6.4589724288e-06,10458.1436469,9.45396322298e-06,9.33170783501e-06,7.36566082851e-06,14210.0444372,1.58034512687e-05,1.17487663036e-05,7.22527930413e-06,13372.3602284,1.20576169725e-05,7.28155074987e-06,13472.3939951,34325.8485351,1.0222903933e-05,6.17827334676e-06,10433.2166472,9.48024568555e-06,9.95291959479e-06,1.17853718589e-05,6.97294674632e-06,7.52167933827e-06,14167.0569381,1.79826740512e-05,1.17718447352e-05,6.38118197358e-06,20137.9857226,5.18810925021e-05,6.91986106013e-06,17175.6247313,2.75215979174e-05,1.31686332852e-05,6.4119302061e-06,20307.2422083,0.000122753531706,2.34030058017e-05,6.67147140706e-06,17441.8014414,1.14357891808e-05,1.72565560976e-05,7.54131941159e-05,3.95461604817e-05,6.59865589381e-06,21041.2355945,1.28756801486e-05,1.37189959962e-05,1.77641794269e-05,1.59086807367e-05,6.76936684392e-06,16080.5127577,1.09152042783e-05,5.90762960351e-06,7.53633170057e-06,20602.2170651,8.31115610524e-06,9.10362554447e-06,6.78210880542e-06,7.15919236286e-06,13942.0736683,8.44460189397e-06,7.17599479326e-06,14140.977787,1.21165553936e-05,1.22621900318e-05,1.41861056265e-05,106033.199706,1.14600245321e-05,6.66363677221e-06,17073.3924411,9.35695229591e-06,7.16230032115e-06,13396.3568115,1.05217612296e-05,7.24508575841e-06,13217.538144,984945626.9013118,185247549728.10425
7.17738323504e-08,2.05921994767e-08,13575.0887554,4.85698701249e-08,2.08914515718e-08,14261.2428478,3.38058915659e-07,8.27135470124e-08,1.45177307918e-08,12021.3392101,5.00395878071e-08,1.22582504411e-08,1.90478905853e-08,14776.1332743,6.52001724446e-08,1.95927434228e-08,13475.7922373,8.79858873304e-08,1.91032277219e-08,13836.5869011,6.72143033335e-08,9.80427642432e-08,57780.1287261,4.08505024878e-08,1.72626946466e-08,12058.2422232,40474.0201607,5.17041024555e-08,1.43832122179e-08,12146.2162173,36332.636341,2.56808994369e-08,1.46267568977e-08,11784.0596005,4.78179614712e-08,5.32059759355e-08,8.33365818929e-08,22798.9156347,2.33255566285e-08,1.36099360742e-08,12577.9017496,3.38410890186e-07,1.40898500307e-07,76523.9508783,2.31931650617e-08,1.47705838263e-08,10413.8602183,9.20634140817e-08,2.1279721404e-07,7089.39703403,120019.509498,4.45179318174e-08,1.50516703277e-08,11869.4850036,47109.110351,126070.735743,3.48587817727e-08,1.44977410712e-08,9810.08819668,6.67235613212e-08,2.61690780526e-08,1.82455151987e-08,14907.2503824,1.12923423041e-07,2.3232270321e-08,2.02520349824e-08,14173.3979975,7.77481582447e-08,2.05104983103e-08,13688.813714,56771.7314682,2.45397937658e-08,1.40326493093e-08,9855.31314895,5.15714869173e-08,6.56088882209e-08,6.37298657141e-07,1.94691090244e-08,1.53498956228e-08,13633.0607436,1.74135421193e-07,1.8452049271e-08,1.459463229e-08,11816.4994687,2.51088406757e-07,1.46775299851e-08,12138.797221,57263.7166119,2.27773573737e-08,1.47786380582e-08,11805.393659,27852.9534683,3.1766094295e-08,1.45377776366e-08,12053.7605251,7.60138299029e-08,1.50016261309e-06,85672.7039587,1.57451149245e-07,1.53416167417e-08,9908.51917038,9.63658174546e-08,1.07040596174e-07,1.98461594568e-07,2.91408023905e-08,1.78648317453e-08,14796.3400351,1.22411315144e-07,1.93669870589e-08,1.36256655103e-08,12763.3590858,4.13227769026e-08,5.96122050748e-08,1.99073139359e-08,2.0187300006e-08,14518.4776146,4.49820051919e-08,2.05800061564e-08,14930.5346833,9.70841082576e-08,9.4694419623e-08,1.09795983951e-07,132522.987771,2.3315580248e-08,1.51921636162e-08,10449.6168666,4.8551459167e-08,2.05508133001e-08,13574.0331542,6.44086780216e-08,1.62384181353e-08,13825.6418526,371511416.66928196,185247549727.32028
4.72284559578e-05,0.000254202946575,20292.2485349,3.94354734566e-05,0.000337808146505,20400.3874992,0.000118821600792,3.61482999858e-05,9.43246669562e-05,22027.7537624,4.43449523259e-05,1.46277614617e-05,0.000566030905013,21029.6750639,4.05111531633e-05,0.000521895434774,20239.5731305,6.20066479328e-05,0.000167263402221,20258.7226187,5.87782664466e-05,8.31701463334e-05,0.320087425567,3.92634947092e-05,0.000116309765556,20411.3111288,40474.0201533,3.73348053784e-05,7.66847323159e-05,20277.3421566,36332.6363404,2.89553437875e-05,7.30964327798e-05,17671.7696652,3.98754456226e-05,4.25435251419e-05,5.09593795657e-05,7.69343675334e-05,1.85720525541e-05,94163.004711,23502.4405892,0.000114881596603,0.000118417259046,0.00184886929146,2.61688468757e-05,6.91700289689e-05,18212.4103464,4.67097133693e-05,5.86537895271e-05,7.9663586004e-05,0.000382250227891,2.88028777886e-05,0.000132241232999,21898.9850445,47226.0146285,126070.735731,3.31736697616e-05,6.56135987184e-05,15689.2218614,5.36162423344e-05,2.79553464328e-05,1472.9838378,21257.6274564,4.97173080549e-05,1.77911511141e-05,0.000333236552004,20369.5283556,4.97861298248e-05,0.000270907331001,20340.2252116,56771.7314507,2.76820651001e-05,5.81009333746e-05,15705.9377873,3.94874304856e-05,4.14344226242e-05,5.58191979599e-05,1.7385368336e-05,0.000705283662017,20755.255748,0.0003238927036,2.83381730637e-05,7.37758175846e-05,17677.0760556,7.50118373387e-05,0.000115296622242,20286.3530293,57263.7165937,2.8823582775e-05,7.30439408535e-05,17676.1848424,27852.9534479,3.64545748441e-05,8.51690301611e-05,20077.563831,4.86179740667e-05,7.5977262262e-05,75915.8087521,2.81116233607e-05,6.40436122554e-05,16796.6942516,7.64981753916e-05,8.42875866447e-05,0.000122768043701,3.09322252658e-05,9.09561158358e-05,21692.7329511,5.66492890012e-05,1.78939785167e-05,0.00634375111621,23744.1861596,3.76822325441e-05,4.89615039871e-05,2.07431223981e-05,0.000271880647411,20816.1971977,4.02401429358e-05,0.000355769370387,20975.8988004,7.45208186312e-05,8.09190845613e-05,9.33249363737e-05,132522.987715,2.6319587049e-05,7.91486877694e-05,18145.6457483,3.35789227697e-05,0.00023344712633,20266.596169,4.55397601941e-05,0.000195020563526,20234.596768,556639605.9848821,185247549728.61215
2.85566094399e-06,6.58809756223e-05,14658.7597262,2.48768879994e-06,6.91618196464e-05,14612.6509909,8.31353626257e-06,3.55295726166e-06,1.01396035905e-05,16165.5715023,2.56465254139e-06,8.52355839782e-07,61906.8009998,14196.3274877,2.59980521306e-06,0.000242015587282,14599.1777489,3.5953496291e-06,2.29493893069e-05,15161.2499555,3.53330423489e-06,4.98500373207e-06,2.19651454897e-05,2.41617361585e-06,1.33250211531e-05,15426.1586678,40474.0201602,2.25903826844e-06,8.05693693343e-06,15403.4563992,15319.3527344,1.8323916993e-06,8.98887232634e-06,13443.2443421,2.41668171163e-06,2.60149076508e-06,3.28068712978e-06,5.7470904604e-06,1.1293079676e-06,232341.019423,17413.3780649,6.50590096439e-06,6.44182532612e-06,2.26004552972e-05,1.56209950596e-06,7.88022679947e-06,13392.7441781,3.17681049195e-06,4.29326859236e-06,6.70043707649e-06,21861.9553599,2.2906264469e-06,1.35875520576e-05,16133.9382936,3.13826442073e-05,126070.735743,2.21237112648e-06,6.47340482828e-06,11811.5613832,3.13323629873e-06,1.80623872722e-06,55777.0863214,14226.8368003,3.83635794244e-06,1.31357428423e-06,5.96332908801e-05,14570.2898512,3.22782190413e-06,5.58051746859e-05,14695.6823665,56771.7314663,1.64365648691e-06,5.96014109759e-06,11764.9526782,2.55398319319e-06,2.55113362267e-06,3.56716000588e-06,1.09229411325e-06,0.00015917722681,14775.5310743,1.11420844577e-05,1.74443762888e-06,8.60159878402e-06,13402.8807034,5.81594698573e-06,1.28663472423e-05,15401.3899619,54999.2840687,1.8382544136e-06,8.85737195088e-06,13398.0021454,27852.9534629,2.38518517147e-06,9.25899951982e-06,15222.5083846,3.02333304337e-06,5.2824574805e-06,85672.7039585,2.12003120055e-06,6.72011207721e-06,11705.5085487,4.32812781018e-06,4.78168810322e-06,6.99110216705e-06,2.18638947728e-06,1.06654836405e-05,17051.7914125,3.51328696201e-06,1.08064673126e-06,38532.0551055,17481.63454,2.22544251507e-06,2.83342622346e-06,1.28704051219e-06,9.97092618434e-05,14146.1354253,2.38272995859e-06,7.69459928546e-05,14303.0381716,4.18039323352e-06,4.37958482869e-06,4.9322973835e-06,132522.987759,1.63479053492e-06,8.57796808753e-06,13340.363636,2.24674566752e-06,3.38762083515e-05,14646.1149764,2.84401403881e-06,3.23759637892e-05,15139.5009867,478591971.4019247,185247549728.1772
3.81026516404e-06,5.99200195211e-06,20893.949592,3.23686766212e-06,6.27114834635e-06,21096.5734403,1.07158430369e-05,3.37448546065e-06,4.02429461059e-06,23560.8856542,3.67679922298e-06,1.27186180896e-06,6.63922609662e-06,21659.8048142,3.22539355413e-06,6.92544999276e-06,20827.3799299,5.17615793626e-06,5.18677715989e-06,21079.1951963,4.72185787685e-06,6.79377504858e-06,22666.6826298,4.04045221554e-06,4.47576696517e-06,20210.7165238,40474.0201607,3.81390421437e-06,3.58020755712e-06,20319.9579508,36332.636341,2.65704176058e-06,3.42969081737e-06,19116.4885173,3.17617753134e-06,3.40241793496e-06,4.06217811846e-06,5.99105377839e-06,1.53094338017e-06,8.61346971584e-06,25547.2682689,9.73699436035e-06,1.01626850143e-05,0.000123270357427,2.30121674382e-06,3.37875247758e-06,20941.0309521,3.65314463955e-06,4.53749260628e-06,6.24065200985e-06,2.64347356068e-05,2.51055653271e-06,4.96659588119e-06,23321.0590567,72616.0284056,126070.735743,3.00050360331e-06,3.29556427654e-06,15941.4130052,4.27588525413e-06,2.50373340159e-06,7.54556862588e-06,21755.9698912,3.9334623324e-06,1.50947773375e-06,6.26969188306e-06,21038.9202592,4.02661500928e-06,5.90661311441e-06,20968.8918225,56771.7314681,2.45111982248e-06,3.03588711567e-06,15989.1006488,2.94676369473e-06,3.2738241526e-06,4.57444870001e-06,1.4245917952e-06,7.39553215198e-06,21376.4699621,2.8787268785e-05,2.62772196118e-06,3.49107183071e-06,19121.9615173,6.2560340601e-06,4.314892422e-06,20266.467776,57263.7166117,2.61359525762e-06,3.47461038056e-06,19129.6906296,27852.9534681,3.60751269352e-06,3.76942600439e-06,20202.0571128,3.84097521893e-06,6.1227701873e-06,12276.93621,2.40641812088e-06,3.3744567732e-06,24929.8167966,6.19779658417e-06,6.85427463877e-06,1.01984188217e-05,2.82820014505e-06,3.98018845455e-06,23113.2551774,4.59776529467e-06,1.5066879287e-06,7.87873551419e-06,25849.843968,3.07432777675e-06,3.97151078898e-06,1.82183563148e-06,5.98910650524e-06,21389.1503806,3.33397995279e-06,6.22702414109e-06,21710.2245733,6.04345298475e-06,6.67602806797e-06,7.96272526762e-06,132522.98777,2.27960361897e-06,3.75111881152e-06,20859.902288,2.80116147285e-06,5.85671493257e-06,20868.5879917,3.72928695175e-06,5.36506129884e-06,21052.1471841,620516847.410411,185247549727.45834
1.01526364946e-07,8.52621412709e-08,13835.9410833,9.12552041745e-08,8.64179065193e-08,13714.1064993,2.48678811665e-07,2.36063892517e-07,7.6307803364e-08,18051.9499309,9.56855845941e-08,4.65935600284e-08,8.49298450635e-08,14336.4308186,9.51593141708e-08,8.59502925184e-08,13773.3718765,1.23502546846e-07,8.27464433776e-08,13757.2559321,1.31357897989e-07,1.73762757835e-07,4.49158624926e-07,1.60495481945e-07,7.99648606276e-08,16700.9598288,40474.0201606,1.49272276712e-07,7.24801532964e-08,16718.2615834,5.83662865272e-07,1.1735240447e-07,6.98939013519e-08,19466.0624589,9.30290676213e-08,9.66538126892e-08,1.06584395499e-07,1.32221785837e-07,6.11472369519e-08,8.75821149843e-08,20283.9802785,1.63325364201e-07,1.75117149525e-07,2.75022676511e-07,9.53035039124e-08,6.92343933208e-08,18221.75661,1.10004855056e-07,1.28904841581e-07,1.61194921749e-07,2.26555991647e-07,1.1890026658e-07,8.33316463996e-08,17853.0755231,7.26523744729e-07,126070.735743,1.43024961718e-07,7.26539827798e-08,10188.4613416,1.07448746845e-07,8.71241920186e-08,8.72180265074e-08,14394.8394519,1.13476335306e-07,6.37997059257e-08,8.57172382787e-08,13664.9214882,1.06810037455e-07,8.47021991083e-08,13898.290832,56771.7314674,1.07311701819e-07,6.89082877514e-08,10157.5226947,9.81137051996e-08,9.78131421606e-08,1.12395343319e-07,5.92348166648e-08,8.68440029841e-08,14278.9494196,2.44254883811e-07,1.10276710252e-07,7.16948894825e-08,19279.515992,1.83625353566e-07,7.90308073742e-08,16601.9436196,4.57625279379e-07,1.15116297739e-07,7.1633523694e-08,19433.9811562,1.13793006454e-06,1.6730697875e-07,7.4356110636e-08,16800.7039386,1.1339401213e-07,1.50775077075e-07,2.42133488524e-07,1.07964022532e-07,7.2946218898e-08,24403.69602,1.43297267039e-07,1.50989760856e-07,1.86010436335e-07,1.25912318964e-07,7.77489785625e-08,16737.5382819,1.08624826047e-07,5.69485070798e-08,8.7607388483e-08,20531.1984057,8.79973984899e-08,1.00227676909e-07,6.66212745062e-08,8.37889177411e-08,14108.3791965,8.76398950424e-08,8.60098208649e-08,14382.9932907,1.36475864876e-07,1.43179012288e-07,1.67677594073e-07,80995.2547622,1.01439080105e-07,7.45378014693e-08,18688.3894336,8.20356782945e-08,8.46914566568e-08,13825.0574953,9.93383515465e-08,8.26729512547e-08,13732.41365,994418668.5265764,185247549728.42905
2.65206809947e-06,2.95365030119e-06,20772.7471261,2.3032694105e-06,3.07218111932e-06,20687.9610376,5.95979803668e-06,2.60849126947e-06,2.41160238088e-06,24991.0511067,2.53963508735e-06,9.89165080495e-07,3.05011345038e-06,21313.6683672,2.38186936814e-06,3.11729082781e-06,20742.4795553,3.32399234303e-06,2.78586699725e-06,20707.1891148,3.28108525051e-06,4.43278334914e-06,2.17021925763e-05,2.72024189664e-06,2.59853008156e-06,21279.6125907,40474.02016,2.58149248153e-06,2.24585113684e-06,21294.6146662,36332.6363412,1.97827475744e-06,2.12177343511e-06,18274.7696735,2.34833280434e-06,2.47428285252e-06,2.75454008422e-06,3.612271522e-06,1.22776536404e-06,3.39804587116e-06,27133.2790131,5.05331426339e-06,5.28864590575e-06,1.34710067004e-05,1.75742729357e-06,2.11543065572e-06,20340.6176954,2.68421578828e-06,3.13349857014e-06,3.94251195516e-06,6.04051320341e-06,1.8588369711e-06,2.72531336885e-06,24779.734079,46312.2735267,126070.735742,2.30270937718e-06,2.17447534923e-06,15821.0849645,2.88752382515e-06,1.74777985692e-06,3.22212383545e-06,21445.0152566,2.74203505806e-06,1.18254129922e-06,3.03997279921e-06,20635.0795593,2.72013119008e-06,2.96098421286e-06,20809.043537,56771.7314672,1.92536955053e-06,2.01812755154e-06,15863.4473408,2.37774839019e-06,2.46347996468e-06,2.959564049e-06,1.18662930535e-06,3.21204728304e-06,21148.3040234,1.06921978875e-05,1.94466914096e-06,2.18311753285e-06,18309.3697092,4.06916472993e-06,2.63845582718e-06,21269.9532194,57263.7166075,1.9654151472e-06,2.16885195567e-06,18288.1248968,27852.9534657,2.58951321782e-06,2.31923691627e-06,21156.378701,2.77655526956e-06,3.82772570249e-06,1.03101531726e-05,1.81081393594e-06,2.17885128837e-06,27480.2354738,3.94341094988e-06,4.23039777858e-06,5.5654774991e-06,2.1115441439e-06,2.42156218669e-06,22457.3001126,2.95406312554e-06,1.18416435422e-06,3.32310783211e-06,27394.7316394,2.2228127699e-06,2.6873194454e-06,1.33803943903e-06,2.91018889393e-06,21072.6536607,2.31184610979e-06,3.05910471121e-06,21382.453414,3.80362735412e-06,4.05622930555e-06,4.7129147457e-06,132522.987763,1.79503365143e-06,2.33178700288e-06,20331.5350424,2.00160562442e-06,2.95188032378e-06,20753.297744,2.5622262e-06,2.822873198e-06,20670.6954823,687495002.7673233,185247549728.75104
1.61643077691e-05,1.41784346577e-05,13680.6442453,1.52753899331e-05,1.42438270516e-05,13589.1133165,5.1860772597e-05,3701.12297026,1.27202158099e-05,17658.0045057,1.4612054242e-05,7.55528012453e-06,1.41139328595e-05,14246.8573133,1.6039945714e-05,1.43313549511e-05,13617.0651987,1.90904964279e-05,1.37065924684e-05,13560.0519371,2.14336136666e-05,2.9575922556e-05,6.1384281375e-05,2.70147001403e-05,1.33254817476e-05,17031.1715243,40474.0201436,2.45328779137e-05,1.21301777104e-05,17042.2085753,5.80408945825e-05,2.15637946241e-05,1.16609484921e-05,20099.0359373,1.5057613094e-05,1.56612755717e-05,1.7936519481e-05,2.51208000691e-05,1.0589064525e-05,1.48779828452e-05,19841.0726461,2.3879569703e-05,2.47233314729e-05,3.70957588891e-05,1.57229571399e-05,1.1643685406e-05,18373.0804098,2.03779888841e-05,2.61931621457e-05,3.86350577326e-05,7.66047493867e-05,4.926386127e-05,1.38817839845e-05,17490.6414464,7.95532507484e-05,126070.735704,3.12857747732e-05,1.21329031468e-05,9641.55411897,1.62466677088e-05,1.50928629515e-05,1.44895556266e-05,14312.1734006,2.33293209933e-05,1.58563673773e-05,1.41696661325e-05,13542.62169,1.89310613941e-05,1.40915083195e-05,13747.8230154,56771.7310648,1.69733277992e-05,1.15167112763e-05,9589.09866801,1.62380087613e-05,1.62864756317e-05,1.91151795242e-05,1.09974855528e-05,1.44771912293e-05,14172.3543215,3.18257296627e-05,1.89697773663e-05,1.19462953003e-05,19916.9840817,5.99573449454e-05,1.30817951917e-05,16912.3178227,5.27423853531e-05,2.10412439986e-05,1.19602097211e-05,20064.883928,0.000258781997593,3.45216025514e-05,1.24205292151e-05,17099.138734,1.87832380051e-05,2.72938862522e-05,7.66216759988e-05,3.67020771625e-05,1.22712882165e-05,22025.8269346,2.19583124731e-05,2.33061771061e-05,2.95885317927e-05,2.42774848886e-05,1.29105633699e-05,16557.5263728,1.76629554624e-05,9.54305460082e-06,1.48785970293e-05,20110.6349586,1.39003477326e-05,1.52973678222e-05,1.11264211604e-05,1.38906872496e-05,14008.7733214,1.38593056794e-05,1.41784677516e-05,14284.3247933,2.04253901964e-05,2.09573093846e-05,2.43470905137e-05,78947.7099726,1.84364377633e-05,1.24702173731e-05,19601.8447551,1.46284212287e-05,1.40145105305e-05,13668.5072868,1.69322031132e-05,1.38085613544e-05,13534.444662,988823638.6963972,185247549729.70227
4.21608196708e-07,5.34700466951e-07,21021.5062816,3.6198183787e-07,5.67810780331e-07,21245.3925228,9.6262640181e-07,3.96883368377e-07,3.96772920308e-07,24115.1596155,3.95227465956e-07,1.44741556322e-07,5.74439062175e-07,21553.5995815,3.82864149305e-07,5.94166867472e-07,20911.1821771,5.3127099692e-07,4.91992707506e-07,21172.9206245,5.2492526623e-07,7.2972919318e-07,22546.4956944,3.89042027997e-07,4.47489793568e-07,20465.219977,40474.0201602,3.73770869438e-07,3.67973812614e-07,20575.3636862,36332.6363412,2.94571736756e-07,3.4662842992e-07,19597.407468,3.78615245697e-07,3.92419266639e-07,4.45216497804e-07,6.45254638786e-07,1.85625598514e-07,6.34979220199e-07,25280.0641103,9.44153557818e-07,9.72358370605e-07,7.78756053233e-06,2.56206027371e-07,3.41595606592e-07,21070.3144792,4.40529083161e-07,5.32368313818e-07,7.05464119065e-07,1.6375268128e-06,2.85130178807e-07,4.63726306235e-07,23777.766522,72616.0284063,126070.735743,3.47338331892e-07,3.56213130969e-07,16143.9555663,4.79028769793e-07,2.71051014203e-07,6.4341790285e-07,21707.7237607,4.45883790597e-07,1.75143910463e-07,5.61642206347e-07,21148.1725382,4.33277618754e-07,5.41728123517e-07,21137.2590887,56771.7314676,2.80705834687e-07,3.23306024003e-07,16179.3616769,4.1399260804e-07,3.94686431465e-07,4.88199950247e-07,1.80371781257e-07,5.90540641506e-07,21175.954426,2.85589227441e-06,2.84194482182e-07,3.58585784932e-07,19602.5917482,6.54072750066e-07,4.0192044649e-07,20483.4518663,57263.7166115,2.92596238605e-07,3.55606452895e-07,19618.2331538,27852.9534673,3.67267336563e-07,3.79976003905e-07,20426.0339226,4.51741126968e-07,6.84840998692e-07,8.783407366e-05,2.86224374516e-07,3.51290644687e-07,23578.5640844,6.74271786178e-07,7.38292695362e-07,1.05563218489e-06,3.12534869785e-07,4.05007175099e-07,22853.8272586,4.78123693921e-07,1.74195128332e-07,6.34821202974e-07,25833.040849,3.54983563081e-07,4.28699557862e-07,1.92500368644e-07,5.20822585123e-07,21237.640866,3.61984951136e-07,5.69955155495e-07,21866.4867853,6.42496830448e-07,6.87635416832e-07,8.03011010498e-07,132522.98777,2.60580071091e-07,3.76420423051e-07,21001.992489,3.18074166367e-07,5.26508353905e-07,20976.33346,4.04251459543e-07,5.05270894075e-07,21124.1152624,633361665.720911,185247549727.97382
1.94217668283e-06,3.69967478711e-06,13304.025025,1.83075723383e-06,3.89475795726e-06,13306.5116132,7.59020956664e-06,3701.12297133,2.64514716532e-06,17351.3412181,1.75223140907e-06,8.98842674658e-07,4.0238688069e-06,14019.5725842,1.87987105384e-06,4.19079806815e-06,13234.3714921,2.36310544895e-06,3.23913237137e-06,13157.5339421,2.59638108674e-06,3.73172226465e-06,9.01670352511e-06,3.78465954844e-06,2.88288835081e-06,16963.7063086,40474.0201606,3.37806071948e-06,2.38690133221e-06,17133.3551177,8.06562502921e-06,2.81964554425e-06,2.31026154857e-06,20273.6591385,1.73384575716e-06,1.83585319859e-06,2.18773353804e-06,3.20961726457e-06,1.25911128807e-06,5.28890598323e-06,19981.5093547,3.05038131324e-06,3.17807416804e-06,5.52545851249e-06,1.95972948744e-06,2.25588452122e-06,19459.029449,2.44405019523e-06,3.27754631477e-06,5.24691066041e-06,1.53935139905e-05,1.00189481387e-05,3.21261395551e-06,16994.1087187,1.1244302611e-05,126070.735743,4.34014546757e-06,2.28315839756e-06,9823.49075786,1.92958703458e-06,1.94206266376e-06,4.42859454759e-06,14069.7663072,2.95289186432e-06,2.09853303598e-06,3.87262616066e-06,13263.1464889,2.34595324007e-06,3.62475911324e-06,13380.6623335,56771.731468,2.09271854831e-06,2.12874925754e-06,9726.43115893,1.7094347822e-06,1.88274251998e-06,2.44731009848e-06,1.29969791181e-06,4.46153640095e-06,13778.8911957,4.24791576418e-06,2.46018343466e-06,2.34408275208e-06,20087.460186,9.73055135119e-06,2.78901662932e-06,16995.8030569,7.42703861946e-06,2.72905042059e-06,2.34381213625e-06,20221.542274,2.84075136527e-05,4.94587372171e-06,2.50636246628e-06,16520.5847306,2.22722283491e-06,3.45934622953e-06,1.32892633592e-05,5.99814496953e-06,2.31395631086e-06,21335.024457,2.67602363312e-06,2.86908745119e-06,3.79175402054e-06,3.18543643315e-06,2.65320340801e-06,16023.3995563,2.17031556241e-06,1.13547296628e-06,5.14193936966e-06,20402.5685825,1.59945552194e-06,1.83790953653e-06,1.40703587976e-06,3.73153100542e-06,13769.6093843,1.65820281312e-06,3.81715082807e-06,14019.4523565,2.47933103527e-06,2.5852541545e-06,3.08935268884e-06,78949.0798335,2.33955761607e-06,2.49344406292e-06,23972.5063722,1.72473936599e-06,3.70425303643e-06,13294.3843117,2.07441206393e-06,3.32130043755e-06,13156.1442126,988821477.670696,185247549728.2135
1.13689480477e-07,2.6578224943e-08,13588.3941742,7.51495602275e-08,2.67880538385e-08,14265.3937606,5.32788447219e-07,1.04609802983e-07,1.98006465378e-08,11984.324197,7.86956898306e-08,1.85510840503e-08,2.41951189088e-08,14777.3373408,1.01663053838e-07,2.48901966876e-08,13495.1938158,1.38788254855e-07,2.51205533288e-08,13840.4019162,1.0554498392e-07,1.52013317351e-07,56694.5382253,6.67074222582e-08,2.322460557e-08,12070.0701869,40474.0201607,8.26776378699e-08,1.98727298542e-08,12142.7125311,36332.6363412,3.91136551909e-08,2.02486587985e-08,11810.5259292,7.45732752671e-08,8.31390982264e-08,1.31057189896e-07,22672.6211789,3.55684930758e-08,1.72840044514e-08,12599.1665763,5.54865790544e-07,2.22458153164e-07,76875.6684072,3.60813750233e-08,2.05545496826e-08,10411.9109874,1.44887666293e-07,3.33869226259e-07,7064.92815792,120019.509498,6.34572536275e-08,2.00455871804e-08,11846.9419412,48040.084042,126070.735743,5.32231715493e-08,2.03976014132e-08,9828.63559413,1.07048603758e-07,3.89886597035e-08,2.29816032576e-08,14897.6716455,1.79073963801e-07,3.43669026331e-08,2.59246781264e-08,14183.4474235,1.22301863799e-07,2.64719150662e-08,13695.5776581,56771.7314682,3.76099202346e-08,1.98179955604e-08,9874.11922933,8.16630283884e-08,1.02257225449e-07,7.56829220765e-07,2.96992361203e-08,1.94729299602e-08,13630.764667,2.7135428021e-07,2.7335069344e-08,2.02195345987e-08,11837.2839322,3.97072650711e-07,1.99236713462e-08,12137.8759403,57263.7166118,3.40213756882e-08,2.04949042748e-08,11827.2346059,27852.9534683,5.20491041799e-08,1.9998031629e-08,12052.6589282,1.19303187967e-07,1.85885574888e-06,85672.7039587,1.95090943739e-07,2.1445947516e-08,9880.00851414,1.52255351572e-07,1.69005488964e-07,3.1329336346e-07,4.04330424927e-08,2.4321787381e-08,14722.391536,1.87124297403e-07,2.94054159473e-08,1.740595748e-08,12759.9952892,6.45632080126e-08,9.44935863463e-08,3.10102225577e-08,2.59335641989e-08,14534.7842029,6.94342349013e-08,2.63731825486e-08,14914.4653068,1.56287426674e-07,1.51404999126e-07,1.74693550766e-07,132522.98777,3.52651398736e-08,2.10076484661e-08,10439.3986776,7.34307743349e-08,2.65263054351e-08,13587.5150073,1.00085560376e-07,2.13040247229e-08,13830.7297338,371450743.8928676,185247549727.59344
6.86225406955e-08,5.33035528578e-08,13570.7354233,5.06923656191e-08,5.52150395101e-08,14260.3630691,2.71527242734e-07,4.73113097511e-08,3.03297828118e-08,11987.4207897,5.18879639553e-08,1.21366399272e-08,4.97683905184e-08,14771.4234153,6.17156089734e-08,5.45385068367e-08,13475.938718,8.64368393925e-08,4.53953762578e-08,13832.337659,7.04577163094e-08,1.03477309128e-07,50826.2649064,3.15984773478e-08,3.77712575789e-08,12138.5507086,40474.0201607,3.42868303823e-08,2.84929252186e-08,12216.6419143,36332.6363412,2.46343611395e-08,2.86093411499e-08,11803.1437842,4.8276774255e-08,5.35938647854e-08,8.33861859479e-08,22274.5295124,1.9909020339e-08,3.53457456598e-08,12599.6686804,2.48906369322e-07,1.38360121738e-07,79658.4233672,2.19118822014e-08,2.78762770368e-08,10435.0077882,8.80197803518e-08,1.89864995609e-07,6738.03827652,120019.509498,3.65332570993e-08,3.38551174953e-08,11849.8542105,52053.5452057,126070.735743,3.08145011482e-08,2.69434284807e-08,9767.504444,7.07131420605e-08,2.71428277575e-08,4.97815314989e-08,14894.414941,1.33485496047e-07,2.242881282e-08,5.34104930599e-08,14177.9864778,8.07284331366e-08,5.24967966459e-08,13681.0881263,56771.7314682,2.27936337701e-08,2.52727480727e-08,9806.74727425,5.22320331395e-08,5.99628382853e-08,1.91354956366e-07,1.81643978713e-08,3.90092088531e-08,13570.467162,2.08032259533e-07,1.99915384589e-08,2.86218161e-08,11832.5362327,2.17739643356e-07,3.2176177225e-08,12209.6237424,57263.7166118,2.3320315947e-08,2.87393485314e-08,11820.7992206,27852.9534683,2.91474302086e-08,2.96376339798e-08,12115.9866775,7.16453325184e-08,4.66641799982e-07,85672.7039587,5.86544951931e-08,2.7583831983e-08,9934.80731208,1.01895219327e-07,1.15518291732e-07,2.38787798813e-07,3.07925059218e-08,3.64482063375e-08,14774.8265662,1.05705534554e-07,1.76326863555e-08,3.54504565068e-08,12764.7117143,4.26350266908e-08,6.19448891961e-08,1.95654461594e-08,5.0980875226e-08,14523.607877,4.65098611651e-08,5.39229670648e-08,14912.9920189,1.01506248018e-07,9.91715854889e-08,1.11871577504e-07,132522.987771,2.29266955275e-08,2.95271238372e-08,10470.2749462,4.9797420746e-08,5.27553684957e-08,13569.0475479,6.63566920089e-08,3.88493416811e-08,13821.8881858,371175324.2959875,185247549728.30133
8.6656502376e-05,4.16184081059e-05,12885.866066,7.81005454177e-05,4.03148303856e-05,12864.1120916,0.000325616514619,3701.12297137,3.82265725679e-05,14068.1233797,7.67631914562e-05,4.45335616411e-05,4.14698861714e-05,13557.6144204,8.49343411236e-05,4.12538337486e-05,12838.8835686,0.000106126895974,3.98867395388e-05,12824.8634047,0.000107122171113,0.000150276799264,0.000426468502728,0.000884532203451,3.91721480205e-05,15087.7335035,40474.0201259,0.00060958519505,3.67708578773e-05,14945.1626405,0.000285548657018,0.000142792064555,3.48977885396e-05,20139.0776728,7.17321111317e-05,7.60815309448e-05,9.32411472228e-05,0.000144398160811,5.66792573687e-05,4.42221405035e-05,15610.0725758,0.000134484878642,0.000127522709068,0.00021483522457,9.09708029223e-05,3.55353773127e-05,10584.2679581,0.000112739959228,0.000167357762662,0.000308502625972,46184.5168873,11885.6852048,4.10567601495e-05,14470.3635661,0.00212572918107,126070.735583,0.000484663293934,3.56378478047e-05,13198.8595749,8.76456585921e-05,9.72379999557e-05,4.20382275355e-05,13644.9061597,0.000135757553655,0.000109086838076,4.08594226901e-05,12847.1814443,0.000103433695307,4.14678753085e-05,12923.8448392,2546.11606177,0.000101916586557,3.39404346289e-05,13452.5256197,7.60559298225e-05,8.25465086933e-05,0.000112726423856,6.05854400797e-05,4.31042919803e-05,13336.2015928,0.000171789911321,0.000134182731692,3.59573099784e-05,19876.7495141,0.000401095861111,3.87596385954e-05,15059.9494777,0.000373490684605,0.000137040470338,3.61229251699e-05,20175.8365863,0.0024474916256,16346.4176907,3.76508029406e-05,14657.6578432,9.667034952e-05,0.000160704273665,6628.20462179,26291.5774225,3.66008190412e-05,8779.33092247,0.0001167969207,0.000127104236289,0.000180715977115,0.000160286621974,3.79923724593e-05,15050.8866811,9.59242796906e-05,5.06004168764e-05,4.27255315229e-05,15387.4901852,6.54924440956e-05,7.97616857838e-05,7.87672506673e-05,4.08311624934e-05,13365.2648489,6.87536565727e-05,4.02988316205e-05,13567.1012931,0.000108938047744,0.000108678865747,0.00012528375001,132522.983032,0.000111105325961,3.74945723081e-05,10357.9054795,7.44412630273e-05,4.05897704461e-05,12860.3985101,8.72577681985e-05,4.13866678097e-05,12787.3579354,820459532.2698649,185247549728.5707
0.000116038976206,3.74946205038e-05,12602.8447314,0.000104827279508,3.69273907594e-05,13094.5493169,0.000221599021978,3701.12296327,3.68925201208e-05,11574.2288604,0.000119951257836,8.77934983835e-05,3.62868271766e-05,13820.1726137,0.000106851230456,3.65169318147e-05,12502.6312899,0.000137387011253,3.74626759317e-05,12568.7331504,0.000120463941916,0.000160748336704,0.000384921084954,52231.9326231,3.79791872903e-05,10119.8130228,40474.0201351,6609.38786881,3.62627617655e-05,10017.2997556,0.000557420615391,0.000277159797243,3.53387846123e-05,16938.2039704,8.98555635477e-05,9.40331086893e-05,0.00011111024189,0.000160502037669,6.97778216299e-05,3.83746605429e-05,12957.3222118,0.000140911903271,0.00013718165108,0.000214911084912,0.00010851395434,3.64013504599e-05,12773.1121472,0.000135161865392,0.000192934249869,0.000279462261231,113979.528173,0.0012745007962,3.85870464783e-05,11439.50402,72616.0280633,126070.73574,0.00118883197638,3.69976380396e-05,8845.44966527,0.000137923167364,0.000138891629096,3.64744609945e-05,13887.9064478,0.00016345468349,0.000150162436346,3.69552834452e-05,13065.7326735,0.000121437947343,3.70458245202e-05,12685.3804241,18012.1086263,0.000145233113126,3.58468385463e-05,8910.81913808,0.000100829342035,0.000112128526509,0.000244821905502,9.33754627383e-05,3.73056782788e-05,13122.18591,0.000197419138587,0.000172966733141,3.60178118621e-05,16766.1633355,0.000271069895172,3.72633141129e-05,10153.5774121,0.00224314743547,0.000219869031793,3.61729979714e-05,17034.4722547,0.000450927685457,625.487203808,3.66295539219e-05,10293.090075,0.000116766172522,0.000189109986195,85672.7026991,41127.6377794,3.93502776688e-05,7724.74775485,0.000154811037429,0.000169859975219,0.000252201568874,0.000164712744021,3.75895939006e-05,14455.3609132,0.000124492759075,6.95165058852e-05,3.78551894747e-05,13062.595177,8.653070723e-05,0.00011062793757,0.00025164882579,3.69057002266e-05,13641.5623605,9.12785331384e-05,3.68157069282e-05,13790.1793988,0.000123500592495,0.000126210977388,0.000143476422568,54770.8855004,0.000133487408131,3.81727234355e-05,13158.6771227,9.00805907481e-05,3.69821173063e-05,12585.4614089,0.000110949379916,3.70424724506e-05,12580.3033869,549834431.9011844,185247549728.20715
6.33475773886e-05,1.11981651366e-05,12761.0206848,5.60457223804e-05,1.09028413954e-05,13524.9545723,0.000101845982452,569.441293766,1.15629165221e-05,11718.9528,7.2444671824e-05,5.57622838669e-05,1.07154102826e-05,14033.5602065,5.56410272795e-05,1.07446352425e-05,12682.9322144,7.89378124288e-05,1.13500742794e-05,12982.2604978,6.23286503616e-05,8.36984608483e-05,0.00027666388326,31144.8099463,1.17577490216e-05,10805.1249431,40474.0201461,11689.412921,1.15707121464e-05,10584.7572198,0.000530723873075,0.00010129529236,1.14156161827e-05,12559.4199359,4.5435037492e-05,4.82760502902e-05,5.97830989936e-05,9.64565500837e-05,3.39665865566e-05,1.13021401555e-05,12692.2087082,8.25133239015e-05,7.60364811596e-05,0.00012189298027,4.66380819585e-05,1.18469198735e-05,10588.8023946,7.19465465377e-05,0.000111216003564,0.000167485383374,120019.509452,0.000260381501965,1.17892429269e-05,11696.774065,72616.0283773,126070.735738,0.000343214271481,1.19888641024e-05,9245.03263662,9.26941480598e-05,8.58806807166e-05,1.06839508035e-05,14149.8871542,9.46911690291e-05,7.68754179853e-05,1.09103665017e-05,13429.5445992,6.33692774865e-05,1.10154297966e-05,12940.1472174,56771.7314491,6.92481951085e-05,1.17485888636e-05,9247.85762104,5.27365947979e-05,6.18359752005e-05,0.000457665094283,5.13621762815e-05,1.09420177811e-05,12894.19574,0.000102830025701,7.63928110598e-05,1.15760745755e-05,12250.2556089,0.000126221309625,1.13753819683e-05,10954.7899827,43151.5931725,9.11064445332e-05,1.16681033245e-05,12644.2768139,0.000249579892022,0.000350134910939,1.15956977597e-05,10935.5310293,6.33880062285e-05,0.000124475166011,85672.7039461,45304.7067685,1.28701795454e-05,8176.64051889,8.719923366e-05,9.80318224324e-05,0.000159606160022,6.83161102747e-05,1.18383658471e-05,14176.9366729,7.80411449784e-05,3.65479992647e-05,1.11448712921e-05,12803.7353597,4.43062137807e-05,6.3329931272e-05,0.000418202998301,1.09955367164e-05,13820.6484655,4.7762702587e-05,1.08608613964e-05,14074.8821806,6.80256716954e-05,6.84575488216e-05,7.46288841531e-05,119511.01681,5.5181736057e-05,1.22760451976e-05,10406.9757042,4.54617627025e-05,1.09779583569e-05,12764.2091083,5.80196908477e-05,1.11569700966e-05,13070.8901873,420840838.7652866,185247549728.27188
8.08062041917e-05,1.587024943e-05,13021.2994469,6.19646362591e-05,1.54778965813e-05,13734.5251138,0.000176972340087,0.000344630347437,1.5642865956e-05,11987.9306985,7.56985093057e-05,2.98242062561e-05,1.51117831622e-05,14298.8997969,6.5494757972e-05,1.52340124273e-05,12915.3989531,0.000115859233283,1.59594432335e-05,13248.3930058,8.41938812229e-05,0.000112709606102,22809.7092968,19736.9151604,1.61061833049e-05,11007.4510095,40474.0201346,0.000103143941631,1.53077024523e-05,11070.1078008,24753.1018379,4.82848552326e-05,1.50055733363e-05,11746.7158381,6.39257629699e-05,7.0408883165e-05,0.000117802846845,0.00527537821683,3.18777026607e-05,1.56006187362e-05,13075.9401445,0.000247654035887,0.000145989140084,0.000441096925797,3.86966656057e-05,1.53113375429e-05,10226.9594888,9.84561622148e-05,0.000194104122699,0.000376097798951,120019.509498,0.00106901008594,1.63278750616e-05,11871.0743609,72616.0283877,126070.735737,0.000113725497907,1.54636413179e-05,8962.98062907,0.000119095473975,8.20998263114e-05,1.50939173167e-05,14423.7930161,0.000119060937017,5.68270908558e-05,1.54611563348e-05,13646.9888327,7.19137350666e-05,1.56103202461e-05,13165.5346916,56771.7314616,4.28408753977e-05,1.49981951457e-05,8991.69062581,6.42095490977e-05,7.21284254656e-05,0.000337903860972,3.71791879749e-05,1.53011550713e-05,13116.7659067,0.000153503932478,4.03962901345e-05,1.52602839382e-05,11340.6099456,0.000168739219676,1.57044516584e-05,11172.6781441,57263.7165023,4.32261747156e-05,1.53130970005e-05,11500.6236697,15447.1276813,0.000207635215323,1.55463435198e-05,11240.8736148,8.50393694604e-05,0.000226380276284,85672.7039052,39955.4305293,1.63016266149e-05,7744.50097877,0.000129353299914,0.000150308827654,0.000286138195486,4.71706764077e-05,1.59183195717e-05,14508.9518737,0.000119302095984,4.18920453219e-05,1.56611542312e-05,13179.0225324,5.19572303518e-05,7.63156550105e-05,6.62719225069e-05,1.54152408758e-05,14027.9327826,5.55450421716e-05,1.54372323569e-05,14391.5829208,0.000121158895169,0.000103427659779,0.000107066964988,132105.073633,3.85455770364e-05,1.60509288437e-05,9977.99854075,5.51010296514e-05,1.55557988749e-05,13057.362239,6.82435816591e-05,1.57494207682e-05,13266.4889977,390085466.078267,185247549728.12357
