0 ocgt,1 ocgt,2 ocgt,0 wind,1 wind,2 wind,0 solar,1 solar,2 solar,co2_emission,objective_value,transmission
371.46706278866986,5826.044769267956,9080.506640414624,35989.15862630079,96826.09616101111,0.0,0.0,0.0,11164.949985397687,32944.65356902362,12547819695.646244,16161.956286769066
5404.02099596456,2605.8820605282863,3146.312485268655,3666.0895831196094,154093.35750651037,0.0,0.0,0.0,0.0,32944.653569023816,13802601665.21087,16018.97598344789
8362.0601650685,5630.4012450758655,2193.2348847926733,36615.86044785315,88439.33752761211,0.0,0.0,16303.436927414252,42402.537046735466,32944.653569023045,13802601665.210867,16317.301317300222
20919.532005792735,4652.8212505410265,2955.106620833089,51534.80711967332,89706.66994049345,0.0,0.0,0.0,0.0,32944.65356902356,13802601665.210869,21154.000368305515
3003.399896850723,3310.2143124318086,7100.372623099226,16384.241799095293,72375.65583120473,78854.00292239351,213.54049146332386,0.0,5820.263539878026,32944.653569023605,13802601665.210857,1692.9845410003975
0.0,3437.3663278235854,37352.93584629848,44249.617009774876,88631.86521235199,0.0,0.0,0.0,11208.937632363937,32944.65356902358,13802601665.210867,15920.267842074318
1676.780821917808,2682.0624586270496,8786.901526750367,16812.785388127853,73380.9670141178,80350.19947839355,0.0,0.0,0.0,32944.65356902358,13802601665.210865,1930.658609744371
6451.723508207409,7727.624983176929,1369.8551075145097,23557.244624274503,102847.68379661845,0.0,0.0,0.0,59715.50561749607,32944.65356902356,13802601665.21087,14884.047185306674
1117.0714139427182,10497.930635350423,3762.1066867685568,36513.87551494063,95619.04287735285,0.0,0.0,0.0,11319.928663273318,32944.6535690236,13802601665.210867,33266.63960443014
1676.7808219178082,2682.0624586270305,8786.90152675043,16812.785388127853,73380.96701411797,80350.1994783933,0.0,0.0,0.0,32944.65356902356,13802601665.210865,1930.6586097444144
5043.075053872317,9088.99163120285,1417.1369138236876,23557.244624274528,102847.68379661844,0.0,0.0,0.0,59715.50561749597,32944.65356902356,13802601665.210867,14884.047185306677
1621.4824723396232,7782.598794941526,4878.014576686929,12954.78504320672,98747.99153123141,32527.391203025283,854.2924058470376,0.0,39116.41414542065,32944.653569023576,13802601665.210865,7679.803429538757
5587.235945350241,0.0,5780.251928102487,261.744966442953,154561.17257900632,0.0,0.0,0.0,0.0,25378.88930094176,13802601665.210865,19073.174496644297
5059.482566370194,0.0,9325.768222802553,32637.00315669099,106776.40486728757,0.0,0.0,0.0,0.0,32944.65356902361,13802601665.210867,32249.236753955334
29219.89832241375,5137.154156946017,6269.036850658886,42741.00441687668,91474.49756609176,0.0,0.0,0.0,8559.630343727997,32944.6535690236,13802601665.210869,16007.551773566753
29219.89832241375,5137.154156946017,6269.036850658886,42741.00441687668,91474.49756609176,0.0,0.0,0.0,8559.630343727997,32944.6535690236,13802601665.210869,16007.551773566753
28130.206611513084,5479.521029754807,6198.617333207716,50856.01486933147,85434.34395987845,705.8628503880901,0.0,0.0,4985.481557213396,32944.65356902363,13802601665.210869,15534.971925344717
29586.063196463503,4624.173778182005,6580.06519947659,44249.61700977489,88631.86521235194,0.0,0.0,0.0,11208.937632363939,32944.65356902362,13802601665.210869,15920.267842074318
5043.075053872317,9088.99163120285,1417.1369138236876,23557.244624274528,102847.68379661844,0.0,0.0,0.0,59715.50561749597,32944.65356902356,13802601665.210867,14884.047185306677
5975.231851276006,0.0,9395.902919813307,34087.24912616373,97302.23962991308,0.0,0.0,0.0,12911.504132654618,32944.65356902359,13802601665.210867,33224.77741288311
3205.157319395057,2718.7198680737056,9678.284945419779,23912.74730253105,102152.09980615541,0.0,0.0,0.0,59624.042663962085,32944.6535690236,13802601665.210863,15234.782149992716
1572.6869955540315,9691.724511908735,4013.6069650084783,35989.15862630058,96826.0961610113,0.0,0.0,0.0,11164.94998539779,32944.653569023576,12547819695.646246,16161.956286769077
1572.6869955540315,9691.724511908735,4013.6069650084783,35989.15862630058,96826.0961610113,0.0,0.0,0.0,11164.94998539779,32944.653569023576,12547819695.646246,16161.956286769077
1572.6869955540315,9691.724511908735,4013.6069650084783,35989.15862630058,96826.0961610113,0.0,0.0,0.0,11164.94998539779,32944.653569023576,12547819695.646246,16161.956286769077
1572.6869955540315,9691.724511908735,4013.6069650084783,35989.15862630058,96826.0961610113,0.0,0.0,0.0,11164.94998539779,32944.653569023576,12547819695.646246,16161.956286769077
1572.6869955540315,9691.724511908735,4013.6069650084783,35989.15862630058,96826.0961610113,0.0,0.0,0.0,11164.94998539779,32944.653569023576,12547819695.646246,16161.956286769077
1572.6869955540315,9691.724511908735,4013.6069650084783,35989.15862630058,96826.0961610113,0.0,0.0,0.0,11164.94998539779,32944.653569023576,12547819695.646246,16161.956286769077
1572.6869955540315,9691.724511908735,4013.6069650084783,35989.15862630058,96826.0961610113,0.0,0.0,0.0,11164.94998539779,32944.653569023576,12547819695.646246,16161.956286769077
1572.6869955540315,9691.724511908735,4013.6069650084783,35989.15862630058,96826.0961610113,0.0,0.0,0.0,11164.94998539779,32944.653569023576,12547819695.646246,16161.956286769077
29541.469629030245,4608.00679015313,6510.625137931273,44380.57318163406,88920.88127172999,0.0,0.0,0.0,11065.362380759585,32944.653569023605,13802601665.210869,15656.804853097596
1676.780821917808,2662.8966087156405,8801.076193426252,16812.785388127853,73516.28684786295,80214.68153562302,0.0,0.0,0.0,32944.653569023605,13802601665.210863,1934.127358941389
1720.8257421912767,2606.0631823883095,8810.3937761681,16384.241799095296,73807.91446628132,80253.52355486379,213.5404914633216,0.0,0.0,32944.65356902356,13802601665.210863,1928.588492072234
5898.556418019446,0.0,9424.838374749186,33885.46029599376,97849.47675986082,0.0,0.0,0.0,12267.680099127772,32944.65356902357,13802601665.210869,33229.861705278556
5059.482566370194,0.0,9325.768222802553,32637.00315669099,106776.40486728757,0.0,0.0,0.0,0.0,32944.65356902361,13802601665.210867,32249.236753955334
29586.063196463503,4624.173778182005,6580.06519947659,44249.61700977489,88631.86521235194,0.0,0.0,0.0,11208.937632363939,32944.65356902362,13802601665.210869,15920.267842074318
5975.231851276008,0.0,9395.902919813307,34087.249126163726,97302.23962991308,0.0,0.0,0.0,12911.504132654634,32944.65356902356,13802601665.210865,33224.77741288309
5962.874218884492,0.0,9397.000198005251,33441.08489670206,97833.80138937499,0.0,0.0,0.0,13228.389511131563,32944.653569023554,13802601665.210869,33189.6259752454
3591.2441112337474,6375.045295290634,4320.126355825713,12954.78504320672,100163.86523909967,30393.704260053386,854.2924058470376,0.0,40036.97727235282,32944.653569023576,13802601665.210865,7938.313339446902
1724.6911501534842,4484.00722695061,7157.36946577888,16371.510678597087,73790.00466138191,77396.37700590052,225.92907060283477,0.0,5960.366325807649,32944.65356902358,13802601665.210861,1704.7780076433132
2924.979087930321,4126.338416617992,6536.281597305381,14337.56345177665,77891.01687853469,70578.6454556671,2644.3787967046724,0.0,11544.693531340045,32944.6535690236,13802601665.210863,2341.990906156548
5059.482566370194,0.0,9325.768222802553,32637.00315669099,106776.40486728757,0.0,0.0,0.0,0.0,32944.65356902361,13802601665.210867,32249.236753955334
29219.89832241375,5137.154156946017,6269.036850658886,42741.00441687668,91474.49756609176,0.0,0.0,0.0,8559.630343727997,32944.6535690236,13802601665.210869,16007.551773566753
3685.6987972022616,8421.441109675558,2826.3659737358576,14394.73684210527,114316.41935950099,0.0,0.0,0.0,58277.21704230324,32944.6535690232,13802601665.210869,13694.458903267549
3131.8971521913195,2726.221782352304,9691.084664355229,23557.244624274514,102847.68379661842,0.0,0.0,0.0,59715.5056174962,32944.65356902359,13802601665.210873,14884.047185306674
27291.38671713927,5442.861565395184,6315.451929118898,54287.7464308879,79705.49916624835,4831.422933768535,0.0,0.0,3467.391234675804,32944.65356902357,13802601665.210869,14956.410587609676
3836.598566308244,5340.272151898735,2286.477290037419,12025.089605734767,144958.5776078301,1272.1518987341751,0.0,0.0,0.0,21010.807261749407,13802601665.210869,15725.28023909986
1584.6867070829815,9917.917155909994,3774.7497747362067,33869.614844901116,98257.03796869425,0.0,0.0,0.0,12438.190979273704,32944.6535690236,12548044980.149607,16222.613077147118
1645.744123217246,9482.075153555375,4228.908740461415,42119.206400879826,92025.63692670118,0.0,0.0,0.0,8773.224337281648,32944.65356902358,12548084916.276648,15970.26292535377
1620.4359611541086,9502.522152217593,4203.674477211327,39852.28678094214,93809.38828020247,0.0,0.0,0.0,9653.846153846152,32944.653569023554,12547868321.620522,16033.624121095669
1620.4359611541086,9502.522152217593,4203.674477211327,39852.28678094214,93809.38828020247,0.0,0.0,0.0,9653.846153846152,32944.653569023554,12547868321.620522,16033.624121095669
1572.6869955540315,9691.724511908735,4013.6069650084783,35989.15862630058,96826.0961610113,0.0,0.0,0.0,11164.94998539779,32944.653569023576,12547819695.646246,16161.956286769077
0.0,4510.8186947551,36115.270635263456,42741.00441687669,91474.49756609181,0.0,0.0,0.0,8559.630343727971,32944.65356902355,13802601665.21087,16007.551773566753
1645.744123217246,9482.075153555375,4228.908740461415,42119.206400879826,92025.63692670118,0.0,0.0,0.0,8773.224337281648,32944.65356902358,12548084916.276648,15970.26292535377
1591.204025115068,9478.04758246949,4302.908330232407,42741.00441687665,91474.49756609187,0.0,0.0,0.0,8559.63034372796,32944.65356902353,12549004994.440815,16007.551773566753
1572.6869955540315,9691.724511908735,4013.6069650084783,35989.15862630058,96826.0961610113,0.0,0.0,0.0,11164.94998539779,32944.653569023576,12547819695.646246,16161.956286769077
1572.6869955540315,9691.724511908735,4013.6069650084783,35989.15862630058,96826.0961610113,0.0,0.0,0.0,11164.94998539779,32944.653569023576,12547819695.646246,16161.956286769077
1620.4359611541086,9502.522152217593,4203.674477211327,39852.28678094214,93809.38828020247,0.0,0.0,0.0,9653.846153846152,32944.653569023554,12547868321.620522,16033.624121095669
1754.1961230315937,9586.922106250433,4199.936249578968,43012.29254268032,89836.09226560293,0.0,0.0,0.0,11400.536075706534,32944.653569023554,12549600165.489262,15863.146727145719
1620.4359611541086,9502.522152217593,4203.674477211327,39852.28678094214,93809.38828020247,0.0,0.0,0.0,9653.846153846152,32944.653569023554,12547868321.620522,16033.624121095669
1572.6869955540315,9691.724511908735,4013.6069650084783,35989.15862630058,96826.0961610113,0.0,0.0,0.0,11164.94998539779,32944.653569023576,12547819695.646246,16161.956286769077
1645.744123217246,9482.075153555375,4228.908740461415,42119.206400879826,92025.63692670118,0.0,0.0,0.0,8773.224337281648,32944.65356902358,12548084916.276648,15970.26292535377
1595.6428184848419,10020.995928876586,3697.8541604549546,33823.69264171802,97967.75057008286,0.0,0.0,0.0,13063.525788183715,32944.6535690236,12548717171.576174,16232.278160225815
1584.6867070829815,9917.917155909994,3774.7497747362067,33869.614844901116,98257.03796869425,0.0,0.0,0.0,12438.190979273704,32944.6535690236,12548044980.149607,16222.613077147118
1645.744123217246,9482.075153555375,4228.908740461415,42119.206400879826,92025.63692670118,0.0,0.0,0.0,8773.224337281648,32944.65356902358,12548084916.276648,15970.26292535377
1645.744123217246,9482.075153555375,4228.908740461415,42119.206400879826,92025.63692670118,0.0,0.0,0.0,8773.224337281648,32944.65356902358,12548084916.276648,15970.26292535377
29219.89832241375,5137.154156946017,6269.036850658886,42741.00441687668,91474.49756609176,0.0,0.0,0.0,8559.630343727997,32944.6535690236,13802601665.210869,16007.551773566753
29219.89832241375,5137.154156946017,6269.036850658886,42741.00441687668,91474.49756609176,0.0,0.0,0.0,8559.630343727997,32944.6535690236,13802601665.210869,16007.551773566753
5043.075053872317,9088.99163120285,1417.1369138236876,23557.244624274528,102847.68379661844,0.0,0.0,0.0,59715.50561749597,32944.65356902356,13802601665.210867,14884.047185306677
29586.063196463503,4624.173778182005,6580.06519947659,44249.61700977489,88631.86521235194,0.0,0.0,0.0,11208.937632363939,32944.65356902362,13802601665.210869,15920.267842074318
29219.89832241375,5137.154156946017,6269.036850658886,42741.00441687668,91474.49756609176,0.0,0.0,0.0,8559.630343727997,32944.6535690236,13802601665.210869,16007.551773566753
1676.780821917808,2662.8966087156405,8801.076193426252,16812.785388127853,73516.28684786295,80214.68153562302,0.0,0.0,0.0,32944.653569023605,13802601665.210863,1934.127358941389
1724.6911501534842,4484.00722695061,7157.36946577888,16371.510678597087,73790.00466138191,77396.37700590052,225.92907060283477,0.0,5960.366325807649,32944.65356902358,13802601665.210861,1704.7780076433132
6103.725052077028,0.0,9361.539960703241,36856.316576663354,94628.81288137921,0.0,0.0,0.0,12592.934307215497,32944.653569023576,13802601665.210869,33225.42279798623
6103.725052077028,0.0,9361.539960703241,36856.316576663354,94628.81288137921,0.0,0.0,0.0,12592.934307215497,32944.653569023576,13802601665.210869,33225.42279798623
5581.356481738124,0.0,5784.76278452207,162.72189349112426,154639.55539696128,0.0,0.0,0.0,0.0,25435.928832721598,13802601665.210865,19092.78106508876
5407.471320694775,0.0,8811.342529356953,29147.29515474736,110557.73386101707,0.0,0.0,0.0,0.0,32944.65356902359,13802601665.210869,32066.676639890084
5059.482566370045,0.0,9325.768222802702,32637.00315669098,106776.40486728757,0.0,0.0,0.0,0.0,32944.65356902357,13802601665.210869,32249.236753955356
3772.8598809017844,2464.3738162909576,7906.532322121242,16905.52776838291,71972.10367171763,78345.39984748745,208.7249166893018,0.0,5313.244161833825,32944.65356902357,13802601665.210869,1859.4480694711822
27477.921831685697,4039.6731916352132,6542.879870126949,49541.46634712335,77093.13378342822,12705.774997194296,0.0,0.0,7042.46718781962,32944.65356902356,13802601665.210869,13316.15353883656
1720.8257421912767,2606.0631823883095,8810.3937761681,16384.241799095296,73807.91446628132,80253.52355486379,213.5404914633216,0.0,0.0,32944.65356902356,13802601665.210863,1928.588492072234
1676.7808219178082,2682.0624586270305,8786.90152675043,16812.785388127853,73380.96701411797,80350.1994783933,0.0,0.0,0.0,32944.65356902356,13802601665.210865,1930.6586097444144
29219.89832241375,5137.154156946017,6269.036850658886,42741.00441687668,91474.49756609176,0.0,0.0,0.0,8559.630343727997,32944.6535690236,13802601665.210869,16007.551773566753
29586.063196463503,4624.173778182005,6580.06519947659,44249.61700977489,88631.86521235194,0.0,0.0,0.0,11208.937632363939,32944.65356902362,13802601665.210869,15920.267842074318
29586.063196463503,4624.173778182005,6580.06519947659,44249.61700977489,88631.86521235194,0.0,0.0,0.0,11208.937632363939,32944.65356902362,13802601665.210869,15920.267842074318
29095.032089020697,5152.576566554269,6329.229271308652,43035.81874647321,90922.2601967245,0.0,0.0,0.0,8589.800422025437,32944.6535690236,13802601665.21087,16282.290192112829
29586.063196463503,4624.173778182005,6580.06519947659,44249.61700977489,88631.86521235194,0.0,0.0,0.0,11208.937632363939,32944.65356902362,13802601665.210869,15920.267842074318
29498.0424323311,4633.887521070623,6619.640665737659,44443.441670904926,88268.78662239992,0.0,0.0,0.0,11230.567079941267,32944.65356902359,13802601665.210869,16104.177961501504
20355.161719198903,2269.709690910844,5994.206702926655,30825.16700109577,73219.99248294545,46355.382333310146,0.0,0.0,9795.810655883552,32944.653569023634,13802601665.210869,7077.385232273886
1766.2318567389254,4516.284281009861,7118.690322374356,16022.934338674204,74281.52040549595,76566.19253449324,413.13226515865614,619.0841977680815,6459.71949285255,32944.65356902358,13802601665.210861,1721.5766088992555
28841.734638934606,4542.010772136981,6327.687671771095,44797.2918553674,88265.6599735546,2211.2947407676834,0.0,0.0,10163.069161231559,32944.65356902355,13802601665.210869,14753.061773079837
10281.146955246377,3119.942032430852,7206.634778698926,20301.3338303216,74287.99680708873,65060.65111999724,0.0,0.0,8523.462749540964,32944.65356902355,13802601665.210867,3708.4911226154745
29645.59106500301,4609.53449470687,6527.868484014998,43012.29254268035,89836.09226560287,0.0,0.0,0.0,11400.536075706546,32944.653569023576,13802601665.21087,15863.146727145719
29635.0600601827,4599.908759369015,6488.237002762868,42872.84927699532,90159.30024109308,0.0,0.0,0.0,11366.620424340743,32944.653569023576,13802601665.210869,15735.376404644463
29586.063196463503,4624.173778182005,6580.06519947659,44249.61700977489,88631.86521235194,0.0,0.0,0.0,11208.937632363939,32944.65356902362,13802601665.210869,15920.267842074318
28536.230416188915,4826.876105218969,6496.536211927796,36888.79777450355,94534.74268924017,0.0,0.0,0.0,12722.089005488679,32944.653569023554,13802601665.210865,17237.742701881896
27291.38671713927,5442.861565395184,6315.451929118898,54287.7464308879,79705.49916624835,4831.422933768535,0.0,0.0,3467.391234675804,32944.65356902357,13802601665.210869,14956.410587609676
3830.0000000000005,5340.237918215609,2290.4714001465873,12000.0,145021.50985003743,1237.9182156133825,0.0,0.0,0.0,21052.78263166618,13802601665.210869,15721.979553903346
29052.536008175823,5219.23458016107,6272.275893259102,44519.05107638036,90142.72396434617,0.0,0.0,0.0,7838.511414102781,32944.65356902356,13802601665.210865,15972.616686853346
28280.289769524832,5672.671592405477,6008.70182076452,46219.35487621753,90350.68878165861,0.0,0.0,0.0,4697.124786335875,32944.653569023576,13802601665.210869,16003.673828419263
5059.482566370194,0.0,9325.768222802553,32637.00315669099,106776.40486728757,0.0,0.0,0.0,0.0,32944.65356902361,13802601665.210867,32249.236753955334
29219.89832241375,5137.154156946017,6269.036850658886,42741.00441687668,91474.49756609176,0.0,0.0,0.0,8559.630343727997,32944.6535690236,13802601665.210869,16007.551773566753
29095.032089020697,5152.576566554269,6329.229271308652,43035.81874647321,90922.2601967245,0.0,0.0,0.0,8589.800422025437,32944.6535690236,13802601665.21087,16282.290192112829
29095.032089020697,5152.576566554269,6329.229271308652,43035.81874647321,90922.2601967245,0.0,0.0,0.0,8589.800422025437,32944.6535690236,13802601665.21087,16282.290192112829
29219.89832241375,5137.154156946017,6269.036850658886,42741.00441687668,91474.49756609176,0.0,0.0,0.0,8559.630343727997,32944.6535690236,13802601665.210869,16007.551773566753
29586.063196463503,4624.173778182005,6580.06519947659,44249.61700977489,88631.86521235194,0.0,0.0,0.0,11208.937632363939,32944.65356902362,13802601665.210869,15920.267842074318
5059.482566370194,0.0,9325.768222802553,32637.00315669099,106776.40486728757,0.0,0.0,0.0,0.0,32944.65356902361,13802601665.210867,32249.236753955334
4950.572983132241,0.0,9479.053140144171,33671.33514378401,105698.35978886586,0.0,0.0,0.0,0.0,32944.65356902354,13802601665.210869,32263.871802014037
5059.482566370045,0.0,9325.768222802702,32637.00315669098,106776.40486728757,0.0,0.0,0.0,0.0,32944.65356902357,13802601665.210869,32249.236753955356
5059.482566370045,0.0,9325.768222802702,32637.00315669098,106776.40486728757,0.0,0.0,0.0,0.0,32944.6535690236,13802601665.210869,32249.23675395535
5059.482566370194,0.0,9325.768222802553,32637.00315669099,106776.40486728757,0.0,0.0,0.0,0.0,32944.65356902361,13802601665.210867,32249.236753955334
5565.489714973781,0.0,9409.214379144849,34944.15267479007,100143.5517004116,0.0,0.0,0.0,6332.962710556188,32944.65356902361,13802601665.210869,33048.398911822995
5565.489714973818,0.0,9409.21437914481,34944.15267479007,100143.5517004116,0.0,0.0,0.0,6332.9627105561885,32944.65356902362,13802601665.210869,33048.398911823
28240.972285851803,5342.037736452772,6281.962823414935,42809.334795901224,91352.19804850113,0.0,0.0,0.0,7718.082716890473,32944.65356902357,13802601665.210869,16977.565472945153
5989.8648136972515,0.0,9404.6529626155,36581.60079896784,95423.42552903239,0.0,0.0,0.0,11558.788285396637,32944.65356902357,13802601665.210869,33264.68184339451
5898.556418019446,0.0,9424.838374749186,33885.46029599376,97849.47675986082,0.0,0.0,0.0,12267.680099127769,32944.653569023576,13802601665.210869,33229.861705278556
5962.874218884492,0.0,9397.000198005251,33441.08489670206,97833.80138937499,0.0,0.0,0.0,13228.389511131563,32944.653569023554,13802601665.210869,33189.6259752454
5407.471320694841,0.0,8811.342529356887,29147.295154747368,110557.73386101707,0.0,0.0,0.0,0.0,32944.6535690236,13802601665.210867,32066.67663989003
28395.56554885389,5170.909829658467,6400.7825183492405,43386.276866100314,90265.79254699677,0.0,0.0,0.0,8625.66485549309,32944.653569023605,13802601665.210867,16969.965789905542
5975.231851276008,0.0,9395.902919813307,34087.249126163726,97302.23962991308,0.0,0.0,0.0,12911.504132654634,32944.65356902356,13802601665.210865,33224.77741288309
5975.231851276006,0.0,9395.902919813303,34087.24912616371,97302.2396299131,0.0,0.0,0.0,12911.504132654618,32944.65356902356,13802601665.210865,33224.77741288309
5975.231851276008,0.0,9395.902919813307,34087.249126163726,97302.23962991308,0.0,0.0,0.0,12911.504132654634,32944.65356902356,13802601665.210865,33224.77741288309
5240.796094139248,0.0,9619.493022749106,22936.82378875907,109203.78127231414,0.0,0.0,0.0,14559.761234447946,32944.65356902356,13802601665.210869,31991.083992631273
5968.738855622145,0.0,9394.819922854445,33462.17967284635,97787.85523311548,0.0,0.0,0.0,13276.928178979046,32944.65356902358,13802601665.210867,33187.9944500647
5240.796094139248,0.0,9619.493022749106,22936.82378875907,109203.78127231414,0.0,0.0,0.0,14559.761234447946,32944.65356902356,13802601665.210869,31991.083992631273
5240.796094139248,0.0,9619.493022749106,22936.82378875907,109203.78127231414,0.0,0.0,0.0,14559.761234447946,32944.65356902356,13802601665.210869,31991.083992631273
5957.695860832401,0.0,9398.056472195345,33272.95112769455,97982.39206044895,0.0,0.0,0.0,13303.159965011168,32944.653569023554,13802601665.210869,33174.79402989101
29778.26288591134,4256.729907311001,6414.344574622538,34176.67590605888,96995.31961039796,0.0,0.0,0.0,14495.578694941512,32944.65356902355,13802601665.210867,16223.454464517232
28401.842802418778,4934.98605913519,6515.515564371522,34036.57322188785,96536.7788728744,0.0,0.0,0.0,14951.2217727822,32944.65356902356,13802601665.210867,16987.363148156917
3131.8971521913195,2726.221782352304,9691.084664355229,23557.244624274514,102847.68379661842,0.0,0.0,0.0,59715.5056174962,32944.65356902359,13802601665.210873,14884.047185306674
6111.422808862779,0.0,9341.77481680859,33975.40601364784,96670.00607986293,0.0,0.0,0.0,14721.25434749066,32944.65356902354,13802601665.21087,33017.68714180253
3685.6987972022616,8421.441109675558,2826.3659737358576,14394.73684210527,114316.41935950099,0.0,0.0,0.0,58277.21704230324,32944.6535690232,13802601665.210869,13694.458903267549
3685.6987972022616,8421.441109675558,2826.3659737358576,14394.73684210527,114316.41935950099,0.0,0.0,0.0,58277.21704230324,32944.6535690232,13802601665.210869,13694.458903267549
6016.821958805291,0.0,9367.432062272974,31998.35207615751,98593.74583604698,0.0,0.0,0.0,15268.719085504637,32944.653569023554,13802601665.210869,32844.708640260724
3591.2441112337474,6375.045295290634,4320.126355825713,12954.78504320672,100163.86523909967,30393.704260053386,854.2924058470376,0.0,40036.97727235282,32944.653569023576,13802601665.210865,7938.313339446902
5897.05944650072,0.0,9412.459521122018,31654.258578252022,99469.38675235865,0.0,0.0,0.0,13980.796522967006,32944.6535690236,13802601665.210869,33000.77007321537
3001.299261968519,3451.6198259574176,7146.93246890181,16371.510678597087,71565.25428328788,77681.76647038897,225.92907060283477,1741.5622195590115,7621.500020542964,32944.653569023605,13802601665.210865,1803.6697357744301
2924.979087930321,4126.338416617992,6536.281597305381,14337.56345177665,77891.01687853469,70578.6454556671,2644.3787967046724,0.0,11544.693531340045,32944.6535690236,13802601665.210863,2341.990906156548
2251.0059692114355,2238.4317915776533,8911.768699334018,16022.934338674204,74281.52040549582,76566.19253449333,413.13226515865614,619.0841977682829,6459.7194928524805,32944.6535690236,13802601665.21086,1721.576608899235
3011.573672635879,3909.3398889268983,6480.29289856035,16022.934338674202,74281.5204054958,76566.19253449337,413.13226515865676,619.0841977682758,6459.719492852476,32944.6535690236,13802601665.210861,1721.5766088992377
2975.027932960894,3889.1760229154297,6496.46051227311,16212.290502793297,74796.69331031195,76143.80314729751,283.42149618903153,0.0,6678.393150267389,32944.6535690232,13802601665.210869,1728.8716916235587
3011.573672635879,3909.3398889268983,6480.29289856035,16022.934338674202,74281.5204054958,76566.19253449337,413.13226515865676,619.0841977682758,6459.719492852476,32944.6535690236,13802601665.210861,1721.5766088992377
4745.146701270829,0.0,9310.348612743688,7228.81586745688,126703.9400717573,0.0,5163.393539285389,0.0,12328.741167060187,32944.65356902361,13802601665.210867,29272.21320598948
3004.8943016388366,3822.105085809275,6524.600146270969,16352.283503868228,74813.94824581957,76094.99185397681,229.46510273687878,0.0,6517.62661600062,32944.6535690236,13802601665.210861,1732.8486497357135
28656.12463454333,4808.645195434274,6377.430498511458,36581.60079896787,95423.4255290323,0.0,0.0,0.0,11558.788285396693,32944.653569023605,13802601665.210869,17244.526267989062
5911.608995120427,0.0,7691.548993187238,0.0,135464.1552732098,0.0,4389.815140412979,0.0,13538.03613686511,32944.65356902361,13802601665.210869,27821.151765317256
29514.159434869085,4628.0226566915,6600.426476428994,43732.30771701983,88900.9810955965,0.0,0.0,0.0,11358.42410801857,32944.653569023525,13802601665.21087,16125.590468370869
29586.063196463503,4624.173778182005,6580.06519947659,44249.61700977489,88631.86521235194,0.0,0.0,0.0,11208.937632363939,32944.65356902362,13802601665.210869,15920.267842074318
29536.21936640049,4630.124004980655,6604.30745116226,44368.34577438393,88409.45867135932,0.0,0.0,0.0,11222.186914344164,32944.65356902361,13802601665.210867,16030.253784230597
29619.789092891246,4550.301397451507,6348.13830643208,34011.50309952283,97485.17656295214,0.0,0.0,0.0,13123.196355039145,32944.65356902356,13802601665.210869,16534.14586224629
29586.063196463503,4624.173778182005,6580.06519947659,44249.61700977489,88631.86521235194,0.0,0.0,0.0,11208.937632363939,32944.65356902362,13802601665.210869,15920.267842074318
29586.063196463503,4624.173778182005,6580.06519947659,44249.61700977489,88631.86521235194,0.0,0.0,0.0,11208.937632363939,32944.65356902362,13802601665.210869,15920.267842074318
1584.6867070829815,9917.917155909994,3774.7497747362067,33869.614844901116,98257.03796869425,0.0,0.0,0.0,12438.190979273704,32944.6535690236,12548044980.149607,16222.613077147118
1620.4359611541086,9502.522152217593,4203.674477211327,39852.28678094214,93809.38828020247,0.0,0.0,0.0,9653.846153846152,32944.653569023554,12547868321.620522,16033.624121095669
1645.744123217246,9482.075153555375,4228.908740461415,42119.206400879826,92025.63692670118,0.0,0.0,0.0,8773.224337281648,32944.65356902358,12548084916.276648,15970.26292535377
1645.744123217246,9482.075153555375,4228.908740461415,42119.206400879826,92025.63692670118,0.0,0.0,0.0,8773.224337281648,32944.65356902358,12548084916.276648,15970.26292535377
1645.744123217246,9482.075153555375,4228.908740461415,42119.206400879826,92025.63692670118,0.0,0.0,0.0,8773.224337281648,32944.65356902358,12548084916.276648,15970.26292535377
1572.6869955540315,9691.724511908735,4013.6069650084783,35989.15862630058,96826.0961610113,0.0,0.0,0.0,11164.94998539779,32944.653569023576,12547819695.646246,16161.956286769077
1645.744123217246,9482.075153555375,4228.908740461415,42119.206400879826,92025.63692670118,0.0,0.0,0.0,8773.224337281648,32944.65356902358,12548084916.276648,15970.26292535377
1572.6869955540315,9691.724511908735,4013.6069650084783,35989.15862630058,96826.0961610113,0.0,0.0,0.0,11164.94998539779,32944.653569023576,12547819695.646246,16161.956286769077
1645.744123217246,9482.075153555375,4228.908740461415,42119.206400879826,92025.63692670118,0.0,0.0,0.0,8773.224337281648,32944.65356902358,12548084916.276648,15970.26292535377
1584.6867070829815,9917.917155909994,3774.7497747362067,33869.614844901116,98257.03796869425,0.0,0.0,0.0,12438.190979273704,32944.6535690236,12548044980.149607,16222.613077147118
1572.6869955540315,9691.724511908735,4013.6069650084783,35989.15862630058,96826.0961610113,0.0,0.0,0.0,11164.94998539779,32944.653569023576,12547819695.646246,16161.956286769077
1645.744123217246,9482.075153555375,4228.908740461415,42119.206400879826,92025.63692670118,0.0,0.0,0.0,8773.224337281648,32944.65356902358,12548084916.276648,15970.26292535377
1572.6869955540315,9691.724511908735,4013.6069650084783,35989.15862630058,96826.0961610113,0.0,0.0,0.0,11164.94998539779,32944.653569023576,12547819695.646246,16161.956286769077
1572.6869955540315,9691.724511908735,4013.6069650084783,35989.15862630058,96826.0961610113,0.0,0.0,0.0,11164.94998539779,32944.653569023576,12547819695.646246,16161.956286769077
1620.4359611541086,9502.522152217593,4203.674477211327,39852.28678094214,93809.38828020247,0.0,0.0,0.0,9653.846153846152,32944.653569023554,12547868321.620522,16033.624121095669
0.0,4624.173778181996,36166.12839594001,44249.61700977484,88631.86521235206,0.0,0.0,0.0,11208.937632363935,32944.65356902355,13802601665.210869,15920.267842074316
1645.744123217246,9482.075153555375,4228.908740461415,42119.206400879826,92025.63692670118,0.0,0.0,0.0,8773.224337281648,32944.65356902358,12548084916.276648,15970.26292535377
1620.4359611541086,9502.522152217593,4203.674477211327,39852.28678094214,93809.38828020247,0.0,0.0,0.0,9653.846153846152,32944.653569023554,12547868321.620522,16033.624121095669
1572.6869955540315,9691.724511908735,4013.6069650084783,35989.15862630058,96826.0961610113,0.0,0.0,0.0,11164.94998539779,32944.653569023576,12547819695.646246,16161.956286769077
0.0,4510.8186947551,36115.270635263456,42741.00441687669,91474.49756609181,0.0,0.0,0.0,8559.630343727971,32944.65356902355,13802601665.21087,16007.551773566753
54.80738229500821,4624.173778181994,36111.32101364503,44249.6170097748,88631.86521235213,0.0,0.0,0.0,11208.937632363934,32944.65356902352,13802601665.210873,15920.267842074314
1645.744123217246,9482.075153555375,4228.908740461415,42119.206400879826,92025.63692670118,0.0,0.0,0.0,8773.224337281648,32944.65356902358,12548084916.276648,15970.26292535377
1614.1401846939516,9989.281571391706,3774.9495264635007,33546.988519693215,97603.13459409286,0.0,0.0,0.0,14671.540226939447,32944.653569023576,12560612557.85764,16191.409517934459
1645.744123217246,9482.075153555375,4228.908740461415,42119.206400879826,92025.63692670118,0.0,0.0,0.0,8773.224337281648,32944.65356902358,12548084916.276648,15970.26292535377
1572.6869955540315,9691.724511908735,4013.6069650084783,35989.15862630058,96826.0961610113,0.0,0.0,0.0,11164.94998539779,32944.653569023576,12547819695.646246,16161.956286769077
1584.6867070829815,9917.917155909994,3774.7497747362067,33869.614844901116,98257.03796869425,0.0,0.0,0.0,12438.190979273704,32944.6535690236,12548044980.149607,16222.613077147118
1645.744123217246,9482.075153555375,4228.908740461415,42119.206400879826,92025.63692670118,0.0,0.0,0.0,8773.224337281648,32944.65356902358,12548084916.276648,15970.26292535377
1620.4359611541086,9502.522152217593,4203.674477211327,39852.28678094214,93809.38828020247,0.0,0.0,0.0,9653.846153846152,32944.653569023554,12547868321.620522,16033.624121095669
54.80738229500821,4624.173778181994,36111.32101364503,44249.6170097748,88631.86521235213,0.0,0.0,0.0,11208.937632363934,32944.65356902352,13802601665.210873,15920.267842074314
1620.4359611541086,9502.522152217593,4203.674477211327,39852.28678094214,93809.38828020247,0.0,0.0,0.0,9653.846153846152,32944.653569023554,12547868321.620522,16033.624121095669
1584.6867070829815,9917.917155909994,3774.7497747362067,33869.614844901116,98257.03796869425,0.0,0.0,0.0,12438.190979273704,32944.6535690236,12548044980.149607,16222.613077147118
1645.744123217246,9482.075153555375,4228.908740461415,42119.206400879826,92025.63692670118,0.0,0.0,0.0,8773.224337281648,32944.65356902358,12548084916.276648,15970.26292535377
54.80738229500821,4624.173778181994,36111.32101364503,44249.6170097748,88631.86521235213,0.0,0.0,0.0,11208.937632363934,32944.65356902352,13802601665.210873,15920.267842074314
1645.744123217246,9482.075153555375,4228.908740461415,42119.206400879826,92025.63692670118,0.0,0.0,0.0,8773.224337281648,32944.65356902358,12548084916.276648,15970.26292535377
1645.744123217246,9482.075153555375,4228.908740461415,42119.206400879826,92025.63692670118,0.0,0.0,0.0,8773.224337281648,32944.65356902358,12548084916.276648,15970.26292535377
1584.6867070829815,9917.917155909994,3774.7497747362067,33869.614844901116,98257.03796869425,0.0,0.0,0.0,12438.190979273704,32944.6535690236,12548044980.149607,16222.613077147118
1681.8796733354902,9676.69159761967,4058.9489678235786,42413.32425931917,91303.79714650314,0.0,0.0,0.0,9653.846153846149,32944.653569023554,12548468848.81375,15926.547599368403
1584.6867070829815,9917.917155909994,3774.7497747362067,33869.614844901116,98257.03796869425,0.0,0.0,0.0,12438.190979273704,32944.6535690236,12548044980.149607,16222.613077147118
1595.6428184848419,10020.995928876586,3697.8541604549546,33823.69264171802,97967.75057008286,0.0,0.0,0.0,13063.525788183715,32944.6535690236,12548717171.576174,16232.278160225815
1645.744123217246,9482.075153555375,4228.908740461415,42119.206400879826,92025.63692670118,0.0,0.0,0.0,8773.224337281648,32944.65356902358,12548084916.276648,15970.26292535377
1645.744123217246,9482.075153555375,4228.908740461415,42119.206400879826,92025.63692670118,0.0,0.0,0.0,8773.224337281648,32944.65356902358,12548084916.276648,15970.26292535377
1645.744123217246,9482.075153555375,4228.908740461415,42119.206400879826,92025.63692670118,0.0,0.0,0.0,8773.224337281648,32944.65356902358,12548084916.276648,15970.26292535377
0.0,4510.8186947551,36115.270635263456,42741.00441687669,91474.49756609181,0.0,0.0,0.0,8559.630343727971,32944.65356902355,13802601665.21087,16007.551773566753
29219.89832241375,5137.154156946017,6269.036850658886,42741.00441687668,91474.49756609176,0.0,0.0,0.0,8559.630343727997,32944.6535690236,13802601665.210869,16007.551773566753
29586.063196463503,4624.173778182005,6580.06519947659,44249.61700977489,88631.86521235194,0.0,0.0,0.0,11208.937632363939,32944.65356902362,13802601665.210869,15920.267842074318
29586.063196463503,4624.173778182005,6580.06519947659,44249.61700977489,88631.86521235194,0.0,0.0,0.0,11208.937632363939,32944.65356902362,13802601665.210869,15920.267842074318
29219.89832241375,5137.154156946017,6269.036850658886,42741.00441687668,91474.49756609176,0.0,0.0,0.0,8559.630343727997,32944.6535690236,13802601665.210869,16007.551773566753
29586.063196463503,4624.173778182005,6580.06519947659,44249.61700977489,88631.86521235194,0.0,0.0,0.0,11208.937632363939,32944.65356902362,13802601665.210869,15920.267842074318
29645.59106500301,4609.53449470687,6527.868484014998,43012.29254268035,89836.09226560287,0.0,0.0,0.0,11400.536075706546,32944.653569023576,13802601665.21087,15863.146727145719
29586.063196463503,4624.173778182005,6580.06519947659,44249.61700977489,88631.86521235194,0.0,0.0,0.0,11208.937632363939,32944.65356902362,13802601665.210869,15920.267842074318
29645.59106500301,4609.53449470687,6527.868484014998,43012.29254268035,89836.09226560287,0.0,0.0,0.0,11400.536075706546,32944.653569023576,13802601665.21087,15863.146727145719
29645.59106500301,4609.53449470687,6527.868484014998,43012.29254268035,89836.09226560287,0.0,0.0,0.0,11400.536075706546,32944.653569023576,13802601665.21087,15863.146727145719
29645.59106500301,4609.53449470687,6527.868484014998,43012.29254268035,89836.09226560287,0.0,0.0,0.0,11400.536075706546,32944.653569023576,13802601665.21087,15863.146727145719
29645.59106500301,4609.53449470687,6527.868484014998,43012.29254268035,89836.09226560287,0.0,0.0,0.0,11400.536075706546,32944.653569023576,13802601665.21087,15863.146727145719
5043.075053872317,9088.99163120285,1417.1369138236876,23557.244624274528,102847.68379661844,0.0,0.0,0.0,59715.50561749597,32944.65356902356,13802601665.210867,14884.047185306677
5043.075053872317,9088.99163120285,1417.1369138236876,23557.244624274528,102847.68379661844,0.0,0.0,0.0,59715.50561749597,32944.65356902356,13802601665.210867,14884.047185306677
3011.5736726358778,3821.813681823746,6472.62835391474,16022.934338674208,75497.41984411691,75993.60394039858,413.13226515865387,0.0,5775.935174484156,32944.65356902358,13802601665.21086,1786.689184457419
5043.075053872317,9088.99163120285,1417.1369138236876,23557.244624274528,102847.68379661844,0.0,0.0,0.0,59715.50561749597,32944.65356902356,13802601665.210867,14884.047185306677
5043.075053872317,9088.99163120285,1417.1369138236876,23557.244624274528,102847.68379661844,0.0,0.0,0.0,59715.50561749597,32944.65356902356,13802601665.210867,14884.047185306677
3011.5736726358778,3821.813681823746,6472.62835391474,16022.934338674208,75497.41984411691,75993.60394039858,413.13226515865387,0.0,5775.935174484156,32944.65356902358,13802601665.21086,1786.689184457419
3011.5736726358778,3821.813681823746,6472.62835391474,16022.934338674208,75497.41984411691,75993.60394039858,413.13226515865387,0.0,5775.935174484156,32944.65356902358,13802601665.21086,1786.689184457419
3011.5736726358778,3821.813681823746,6472.62835391474,16022.934338674208,75497.41984411691,75993.60394039858,413.13226515865387,0.0,5775.935174484156,32944.65356902358,13802601665.21086,1786.689184457419
3011.5736726358778,3821.813681823746,6472.62835391474,16022.934338674208,75497.41984411691,75993.60394039858,413.13226515865387,0.0,5775.935174484156,32944.65356902358,13802601665.21086,1786.689184457419
28589.274569489302,4912.654468819722,6362.0772322840385,37810.67733084836,94600.57045951739,0.0,0.0,0.0,10815.292561303713,32944.653569023605,13802601665.210865,17192.688701579747
29645.59106500301,4609.53449470687,6527.868484014998,43012.29254268035,89836.09226560287,0.0,0.0,0.0,11400.536075706546,32944.653569023576,13802601665.21087,15863.146727145719
3011.5736726358778,3821.813681823746,6472.62835391474,16022.934338674208,75497.41984411691,75993.60394039858,413.13226515865387,0.0,5775.935174484156,32944.65356902358,13802601665.21086,1786.689184457419
28589.274569489302,4912.654468819722,6362.0772322840385,37810.67733084836,94600.57045951739,0.0,0.0,0.0,10815.292561303713,32944.653569023605,13802601665.210865,17192.688701579747
29645.59106500301,4609.53449470687,6527.868484014998,43012.29254268035,89836.09226560287,0.0,0.0,0.0,11400.536075706546,32944.653569023576,13802601665.21087,15863.146727145719
29586.063196463503,4624.173778182005,6580.06519947659,44249.61700977489,88631.86521235194,0.0,0.0,0.0,11208.937632363939,32944.65356902362,13802601665.210869,15920.267842074318
29586.063196463503,4624.173778182005,6580.06519947659,44249.61700977489,88631.86521235194,0.0,0.0,0.0,11208.937632363939,32944.65356902362,13802601665.210869,15920.267842074318
29498.0424323311,4633.887521070623,6619.640665737659,44443.441670904926,88268.78662239992,0.0,0.0,0.0,11230.567079941267,32944.65356902359,13802601665.210869,16104.177961501504
29635.0600601827,4599.908759369015,6488.237002762868,42872.84927699532,90159.30024109308,0.0,0.0,0.0,11366.620424340743,32944.653569023576,13802601665.210869,15735.376404644463
29219.89832241375,5137.154156946017,6269.036850658886,42741.00441687668,91474.49756609176,0.0,0.0,0.0,8559.630343727997,32944.6535690236,13802601665.210869,16007.551773566753
29645.59106500301,4609.53449470687,6527.868484014998,43012.29254268035,89836.09226560287,0.0,0.0,0.0,11400.536075706546,32944.653569023576,13802601665.21087,15863.146727145719
29645.59106500301,4609.53449470687,6527.868484014998,43012.29254268035,89836.09226560287,0.0,0.0,0.0,11400.536075706546,32944.653569023576,13802601665.21087,15863.146727145719
1676.7808219178078,4779.689521953204,6689.274463424283,16812.785388127853,73380.96701411784,80350.19947839351,0.0,0.0,0.0,32944.65356902358,13802601665.210867,1930.6586097443787
1547.5214838514798,3011.9365141468807,8627.876118907525,17204.480351965212,72280.69093091303,81052.61098297374,0.0,0.0,0.0,32944.6535690236,13802601665.210863,1909.5755006511185
29586.063196463503,4624.173778182005,6580.06519947659,44249.61700977489,88631.86521235194,0.0,0.0,0.0,11208.937632363939,32944.65356902362,13802601665.210869,15920.267842074318
29095.032089020697,5152.576566554269,6329.229271308652,43035.81874647321,90922.2601967245,0.0,0.0,0.0,8589.800422025437,32944.6535690236,13802601665.21087,16282.290192112829
5059.482566370045,0.0,9325.768222802702,32637.00315669098,106776.40486728757,0.0,0.0,0.0,0.0,32944.65356902357,13802601665.210869,32249.236753955356
5059.482566370194,0.0,9325.768222802553,32637.00315669099,106776.40486728757,0.0,0.0,0.0,0.0,32944.65356902361,13802601665.210867,32249.236753955334
2975.441975308642,3093.5099283039754,6934.116525738184,16683.950617283954,77504.13278305778,76229.16480590313,0.0,0.0,0.0,32944.6535690236,13802601665.210865,2150.856782435632
5661.738759877603,0.0,5700.7739904755545,1526.3157894736837,153753.7467074823,0.0,0.0,0.0,0.0,24866.431812358678,13802601665.21087,18636.631578947367
5059.482566370194,0.0,9325.768222802553,32637.00315669099,106776.40486728757,0.0,0.0,0.0,0.0,32944.65356902361,13802601665.210867,32249.236753955334
5059.482566370194,0.0,9325.768222802553,32637.00315669099,106776.40486728757,0.0,0.0,0.0,0.0,32944.65356902361,13802601665.210867,32249.236753955334
29375.196620944535,4924.613324206238,6395.712988662053,43355.34463713956,90316.81208110214,0.0,0.0,0.0,9653.84615384613,32944.653569023554,13802601665.210869,15962.815383914489
29095.032089020697,5152.576566554269,6329.229271308652,43035.81874647321,90922.2601967245,0.0,0.0,0.0,8589.800422025437,32944.6535690236,13802601665.21087,16282.290192112829
29219.89832241375,5137.154156946017,6269.036850658886,42741.00441687668,91474.49756609176,0.0,0.0,0.0,8559.630343727997,32944.6535690236,13802601665.210869,16007.551773566753
2238.7917183724117,2568.8151963732307,8732.873899662125,16371.51067859709,71379.46722432016,78704.79711088967,225.92907060283378,1844.1828802398688,6062.340172458626,32944.65356902356,13802601665.210863,1727.5761945234428
28843.464089844896,4503.043683909509,6336.191291603305,44806.21474584946,88239.42364553387,2166.5395585821702,0.0,0.0,10359.578206079379,32944.65356902355,13802601665.210873,14736.51711700973
29541.469629030245,4608.00679015313,6510.625137931273,44380.57318163406,88920.88127172999,0.0,0.0,0.0,11065.362380759585,32944.653569023605,13802601665.210869,15656.804853097596
1676.7808219178078,4779.689521953204,6689.274463424283,16812.785388127853,73380.96701411784,80350.19947839351,0.0,0.0,0.0,32944.65356902358,13802601665.210867,1930.6586097443787
27286.57271469563,5442.633445242451,6314.957691255638,54320.28670376692,79683.04201233486,4833.302837144928,0.0,0.0,3452.620565289826,32944.65356902357,13802601665.210869,14955.39966369043
3830.0000000000005,5340.237918215609,2290.4714001465873,12000.0,145021.50985003743,1237.9182156133825,0.0,0.0,0.0,21052.78263166618,13802601665.210869,15721.979553903346
28247.41443990571,5491.752027381457,6183.878732739693,50487.73952084795,86223.6217277085,0.0,0.0,0.0,5168.6297566092835,32944.653569023605,13802601665.210869,15653.856131646007
29052.536008175823,5219.23458016107,6272.275893259102,44519.05107638036,90142.72396434617,0.0,0.0,0.0,7838.511414102781,32944.65356902356,13802601665.210865,15972.616686853346
29052.536008175823,5219.23458016107,6272.275893259102,44519.05107638036,90142.72396434617,0.0,0.0,0.0,7838.511414102781,32944.65356902356,13802601665.210865,15972.616686853346
28280.289769524832,5672.671592405477,6008.70182076452,46219.35487621753,90350.68878165861,0.0,0.0,0.0,4697.124786335875,32944.653569023576,13802601665.210869,16003.673828419263
29445.606797418786,4710.443423142253,6575.936002601768,44231.56790395423,88668.14147873511,0.0,0.0,0.0,10839.474465238896,32944.653569023576,13802601665.210869,16123.459271315322
3018.0172839506167,3183.277631227944,6931.070308056721,16683.95061728395,73742.58320305157,80115.7845197798,0.0,0.0,0.0,32944.653569023605,13802601665.210863,1941.059580615926
2995.2296296296295,3126.5673874593685,6932.133495453583,16683.950617283954,75973.88549189229,77832.28635759196,0.0,0.0,0.0,32944.653569023605,13802601665.210861,2044.6528407564722
3002.457627118644,3024.737159833397,6875.223511069789,16378.531073446327,80711.4155209068,73095.34275726802,0.0,0.0,0.0,32944.65356902358,13802601665.210861,2448.7719270593975
22491.467064616816,3231.959043517838,6240.292250431403,42395.79960512998,68582.88351874537,37794.12043884813,0.0,0.0,5089.377572026574,32944.65356902357,13802601665.210869,8847.224238103709
29635.0600601827,4599.908759369015,6488.237002762868,42872.84927699532,90159.30024109308,0.0,0.0,0.0,11366.620424340743,32944.653569023576,13802601665.210869,15735.376404644463
29645.59106500301,4609.53449470687,6527.868484014998,43012.29254268035,89836.09226560287,0.0,0.0,0.0,11400.536075706546,32944.653569023576,13802601665.21087,15863.146727145719
29635.0600601827,4599.908759369015,6488.237002762868,42872.84927699532,90159.30024109308,0.0,0.0,0.0,11366.620424340743,32944.653569023576,13802601665.210869,15735.376404644463
29645.59106500301,4609.53449470687,6527.868484014998,43012.29254268035,89836.09226560287,0.0,0.0,0.0,11400.536075706546,32944.653569023576,13802601665.21087,15863.146727145719
29219.89832241375,5137.154156946017,6269.036850658886,42741.00441687668,91474.49756609176,0.0,0.0,0.0,8559.630343727997,32944.6535690236,13802601665.210869,16007.551773566753
29071.35669691742,5176.30729953066,6171.983930064728,43654.13231106064,91338.98040313448,0.0,0.0,0.0,7941.512827403169,32944.65356902359,13802601665.210869,15671.71731689852
29635.0600601827,4599.908759369015,6488.237002762868,42872.84927699532,90159.30024109308,0.0,0.0,0.0,11366.620424340743,32944.653569023576,13802601665.210869,15735.376404644463
29635.0600601827,4599.908759369015,6488.237002762868,42872.84927699532,90159.30024109308,0.0,0.0,0.0,11366.620424340743,32944.653569023576,13802601665.210869,15735.376404644463
29071.35669691742,5176.30729953066,6171.983930064728,43654.13231106064,91338.98040313448,0.0,0.0,0.0,7941.512827403169,32944.65356902359,13802601665.210869,15671.71731689852
29071.35669691742,5176.30729953066,6171.983930064728,43654.13231106064,91338.98040313448,0.0,0.0,0.0,7941.512827403169,32944.65356902359,13802601665.210869,15671.71731689852
3688.6506849315065,5343.163179916299,2386.0567426952475,11595.890410958904,143670.33385356047,4163.179916317992,0.0,0.0,0.0,22856.362330326898,13802601665.21087,14519.017166275004
29641.705006538232,4560.018929598409,6506.599788050604,42931.52089900942,90013.93295767302,0.0,0.0,0.0,11569.963549656586,32944.65356902355,13802601665.210869,15730.993259604766
5350.888889565184,7608.827046995552,2353.8508347182224,22080.137226966093,105872.2631467042,0.0,0.0,0.0,58910.779547762766,32944.65356902358,13802601665.210867,13890.009676374404
9579.92480173056,2673.76858823174,7448.378958745754,17209.792271407834,73368.58974358975,68703.34176004195,0.0,0.0,10874.155552665807,32944.6535690236,13802601665.21087,3504.574991684808
20083.031978704883,2296.7772707722625,5963.450905153856,30209.492873458716,73368.58974358975,47129.19269216199,0.0,0.0,9812.734957385266,32944.6535690236,13802601665.210867,6942.995800927265
4622.001822479571,9229.051677139405,1579.416535723874,21164.783082270296,105479.97314000122,0.0,0.0,0.0,59608.095362823464,32944.65356902392,13802601665.210869,14775.282877430553
3591.2441112337474,6403.698266875546,4297.132749790375,12954.78504320672,100261.42749844446,30178.81074570443,854.2924058470385,0.0,40185.51162542887,32944.65356902367,13802601665.210867,7978.28353311581
3341.0922972092194,4418.100415101522,6123.767192081323,14452.906322213665,78844.4927460792,65325.9777712668,578.7758487882913,0.0,20032.88222593287,32944.653569023576,13802601665.21086,3147.5697711936655
6447.849012542469,0.0,9205.377571668943,33236.74966617403,95442.30122264668,0.0,0.0,0.0,24163.807639390794,32944.653569023554,13802601665.21087,30170.72110675538
3591.2441112337474,5400.590036120117,5074.312945779167,12954.78504320672,97262.48004734196,37442.17706335669,854.2924058470376,0.0,34608.590082581024,32944.65356902356,13802601665.210865,6627.29739803249
2220.9849800248576,2148.4718435206787,9098.248612242583,16022.934338674202,74540.73975005544,75343.47852038537,413.13226515865676,645.0716784413488,8137.916650687961,32944.6535690236,13802601665.210861,1796.4516200999842
2247.0646494854423,2204.1087227452917,9041.167050536362,16313.01785557217,73915.3662559752,75661.37408543707,282.84809569882947,813.1460556224575,8115.283659281252,32944.65356902361,13802601665.210865,1790.1872938479444
2693.5010690801405,3260.6154309704825,9398.741750163674,18768.61849397723,107531.56481558834,0.0,0.0,26527.9886472196,32000.0,32944.65356902368,13802601665.21087,15706.307673843898
6018.908337974073,0.0,9366.647640250107,32004.34651876168,98578.49132165872,0.0,0.0,0.0,15297.009432260584,32944.65356902358,13802601665.210867,32839.087337202895
2876.214526061837,4121.487260260793,6456.337976962297,15613.421370071743,75918.48611137732,73905.93646746471,963.6213573741343,0.0,9005.017337520965,32944.65356902356,13802601665.210863,1891.6514400450897
2251.0059692114355,2230.874515265507,8932.626000984914,16022.934338674204,74275.96150869479,76402.89889430856,413.13226515865614,864.0884625854228,6521.614049549655,32944.65356902304,13802601665.210869,1729.533712975534
3572.5141497935338,7669.197864428557,3310.3509371536447,12349.079949472936,118980.24838418426,0.0,1371.2631026866516,0.0,54233.87203112839,32944.65356902362,13802601665.210869,12651.220116497389
5138.998590529693,0.0,9533.443002872464,8843.662904421264,119914.28844541204,0.0,0.0,44695.24038519145,0.0,32944.65356902359,13802601665.210869,20553.613712798706
3011.5736726358778,3917.296499966394,6485.636312859623,16022.934338674208,74275.96150869396,76402.89889430927,413.13226515865387,864.0884625859491,6521.614049549248,32944.6535690236,13802601665.210857,1729.533712975435
2975.027932960894,3871.7936730867123,6509.916320711997,16212.290502793296,75013.85882334749,75874.63025967359,283.4214961890315,0.0,6771.161567600552,32944.653569023,13802601665.21087,1737.451530512331
3004.8943016388366,3822.105085809275,6524.600146270969,16352.283503868228,74813.94824581957,76094.99185397681,229.46510273687878,0.0,6517.62661600062,32944.6535690236,13802601665.210861,1732.8486497357135
3431.640122106579,7685.915257863694,3270.510207122324,11651.683772804845,120862.95757438474,0.0,3360.2865177991976,0.0,50603.63396093236,32944.6535690247,13802601665.21087,12387.189098117204
2975.027932960894,3889.1760229154297,6496.46051227311,16212.290502793297,74796.69331031195,76143.80314729751,283.42149618903153,0.0,6678.393150267389,32944.6535690232,13802601665.210869,1728.8716916235587
3018.0172839506167,3183.277631227944,6931.070308056721,16683.95061728395,73742.58320305157,80115.7845197798,0.0,0.0,0.0,32944.653569023605,13802601665.210863,1941.059580615926
2975.027932960894,3889.1760229154297,6496.46051227311,16212.290502793297,74796.69331031195,76143.80314729751,283.42149618903153,0.0,6678.393150267389,32944.6535690232,13802601665.210869,1728.8716916235587
2983.3607305936075,3220.1433889380687,6937.249504527935,16812.785388127853,73516.28684786624,80214.68153561931,0.0,0.0,0.0,32944.653569023045,13802601665.21087,1934.1273589419252
1676.7808219178078,4779.689521953204,6689.274463424283,16812.785388127853,73380.96701411784,80350.19947839351,0.0,0.0,0.0,32944.65356902358,13802601665.210867,1930.6586097443787
2983.360730593607,3214.057364272836,6948.32671242882,16812.785388127857,73380.96701411804,80350.19947839319,0.0,0.0,0.0,32944.65356902356,13802601665.210861,1930.6586097444324
1676.7808219178078,4779.689521953204,6689.274463424283,16812.785388127853,73380.96701411784,80350.19947839351,0.0,0.0,0.0,32944.65356902358,13802601665.210867,1930.6586097443787
29635.0600601827,4599.908759369015,6488.237002762868,42872.84927699532,90159.30024109308,0.0,0.0,0.0,11366.620424340743,32944.653569023576,13802601665.210869,15735.376404644463
29635.0600601827,4599.908759369015,6488.237002762868,42872.84927699532,90159.30024109308,0.0,0.0,0.0,11366.620424340743,32944.653569023576,13802601665.210869,15735.376404644463
28330.439730974453,5159.9992273098,6242.258092537788,46599.85216999579,86508.00945644014,3671.350150392317,0.0,0.0,6550.350381765006,32944.653569023554,13802601665.210869,15025.584742438925
29635.0600601827,4599.908759369015,6488.237002762868,42872.84927699532,90159.30024109308,0.0,0.0,0.0,11366.620424340743,32944.653569023576,13802601665.210869,15735.376404644463
5709.821646499969,0.0,8344.483740690164,25966.062216853312,114115.01517151129,0.0,0.0,0.0,0.0,32944.653569023554,13802601665.210869,31798.424737100093
5583.072380039847,0.0,9592.05596159973,41342.44789958227,94113.45450166386,0.0,0.0,0.0,5552.315268633292,32944.65356902358,13802601665.210869,32935.96190729525
29619.789092891246,4550.301397451507,6348.13830643208,34011.50309952283,97485.17656295214,0.0,0.0,0.0,13123.196355039145,32944.65356902356,13802601665.210869,16534.14586224629
5961.847989363785,0.0,9415.260746697908,36513.87551494058,95619.04287735296,0.0,0.0,0.0,11319.928663273295,32944.653569023554,13802601665.210869,33266.6396044301
29619.789092891246,4550.301397451507,6348.13830643208,34011.50309952283,97485.17656295214,0.0,0.0,0.0,13123.196355039145,32944.65356902356,13802601665.210869,16534.14586224629
6111.4228088627915,0.0,9341.774816808585,33975.40601364787,96670.00607986283,0.0,0.0,0.0,14721.254347490678,32944.653569023576,13802601665.210869,33017.68714180259
5897.059446500705,0.0,9412.459521122026,31654.258578251978,99469.38675235875,0.0,0.0,0.0,13980.796522966973,32944.653569023554,13802601665.210869,33000.77007321534
6111.422808862779,0.0,9341.77481680859,33975.40601364784,96670.00607986293,0.0,0.0,0.0,14721.25434749066,32944.65356902354,13802601665.21087,33017.68714180253
5341.421494144394,0.0,9581.976963025205,23280.371169948914,108428.72923771023,0.0,0.0,0.0,15377.828118572552,32944.653569023576,13802601665.210867,31975.583888691675
6103.370920770654,0.0,9343.911510105232,33799.02476387285,96839.60032363818,0.0,0.0,0.0,14770.758126560677,32944.65356902358,13802601665.210869,33003.802950019926
1565.1428428759036,4847.5526474270655,6954.591575328045,16862.108155294216,71336.48480089774,80499.19318166928,209.1260216600995,0.0,3612.789702268305,32944.653569023605,13802601665.210865,1736.497953686588
5968.738855622145,0.0,9394.819922854445,33462.17967284635,97787.85523311548,0.0,0.0,0.0,13276.928178979046,32944.65356902358,13802601665.210867,33187.9944500647
1547.5214838514794,4878.033537755153,6761.779095299205,17204.480351965212,72280.69093091301,81052.61098297381,0.0,0.0,0.0,32944.65356902359,13802601665.210863,1909.5755006511154
2251.0059692114355,2238.4317915776533,8911.768699334018,16022.934338674204,74281.52040549582,76566.19253449333,413.13226515865614,619.0841977682829,6459.7194928524805,32944.6535690236,13802601665.21086,1721.576608899235
3023.083753422953,3904.9939371031896,6424.460674481522,15963.296614388842,74232.10215940284,77321.52719720632,423.2947473238746,0.0,5833.927259743582,32944.653569023576,13802601665.21086,1719.4400687398095
2975.027932960894,3889.1760229154297,6496.46051227311,16212.290502793297,74796.69331031195,76143.80314729751,283.42149618903153,0.0,6678.393150267389,32944.6535690232,13802601665.210869,1728.8716916235587
3001.36219475587,3988.4287006684053,6375.657533265974,16371.892089429515,73791.7238280328,77401.31676306871,213.6545765410678,0.0,5958.60584838351,32944.653569023576,13802601665.210863,1705.1030108534142
3011.573672635879,3909.3398889268983,6480.29289856035,16022.934338674202,74281.5204054958,76566.19253449337,413.13226515865676,619.0841977682758,6459.719492852476,32944.6535690236,13802601665.210861,1721.5766088992377
3011.573672635879,3909.3398889268983,6480.29289856035,16022.934338674202,74281.5204054958,76566.19253449337,413.13226515865676,619.0841977682758,6459.719492852476,32944.6535690236,13802601665.210861,1721.5766088992377
2096.1449247793807,2385.15862023097,8884.764297872629,16371.510678597087,73790.00466138187,77396.37700590066,225.92907060283477,0.0,5960.366325807528,32944.65356902358,13802601665.210865,1704.7780076433041
3011.573672635879,3894.342843809372,6487.501090600525,16022.934338674202,74437.81776165144,76436.46898755938,413.13226515865676,525.6041688633234,6502.986741709254,32944.65356902358,13802601665.210865,1725.0054349091029
2975.027932960894,3889.1760229154297,6496.46051227311,16212.290502793297,74796.69331031195,76143.80314729751,283.42149618903153,0.0,6678.393150267389,32944.6535690232,13802601665.210869,1728.8716916235587
13203.969978985167,2960.0636009694053,6165.077673016812,27793.69977340445,69017.44237416743,64961.599565482036,0.0,0.0,0.0,32944.65356902358,13802601665.210869,4684.23679993046
3011.573672635879,3909.3398889268983,6480.29289856035,16022.934338674202,74281.5204054958,76566.19253449337,413.13226515865676,619.0841977682758,6459.719492852476,32944.6535690236,13802601665.210861,1721.5766088992377
28175.528621757996,5125.628357867738,6274.221921868822,46879.743998656966,85415.54049964024,4819.593120491527,0.0,0.0,6403.382582301977,32944.65356902356,13802601665.210867,14865.880773656463
3004.8943016388366,3822.105085809275,6524.600146270969,16352.283503868228,74813.94824581957,76094.99185397681,229.46510273687878,0.0,6517.62661600062,32944.6535690236,13802601665.210861,1732.8486497357135
1547.5214838514794,4878.033537755153,6761.779095299205,17204.480351965212,72280.69093091301,81052.61098297381,0.0,0.0,0.0,32944.65356902359,13802601665.210863,1909.5755006511154
28175.528621757996,5125.628357867738,6274.221921868822,46879.743998656966,85415.54049964024,4819.593120491527,0.0,0.0,6403.382582301977,32944.65356902356,13802601665.210867,14865.880773656463
3011.573672635879,3800.539723767216,6507.852840997883,16022.934338674202,75698.57751938929,75521.6442016871,413.13226515865676,0.0,6305.62154729767,32944.65356902357,13802601665.210857,1785.6969984297011
5059.482566370194,0.0,9325.768222802553,32637.00315669099,106776.40486728757,0.0,0.0,0.0,0.0,32944.65356902361,13802601665.210867,32249.236753955334
3016.9147702820073,3820.0533181945652,6515.133669411527,15995.260257606178,75252.99563462233,75796.46137218254,417.8480278518628,0.0,6731.770822013674,32944.65356902358,13802601665.210857,1749.4270397139148
3004.8943016388366,3822.105085809275,6524.600146270969,16352.283503868228,74813.94824581957,76094.99185397681,229.46510273687878,0.0,6517.62661600062,32944.6535690236,13802601665.210861,1732.8486497357135
5059.482566370194,0.0,9325.768222802553,32637.00315669099,106776.40486728757,0.0,0.0,0.0,0.0,32944.65356902361,13802601665.210867,32249.236753955334
5059.482566370194,0.0,9325.768222802553,32637.00315669099,106776.40486728757,0.0,0.0,0.0,0.0,32944.65356902361,13802601665.210867,32249.236753955334
5059.482566370194,0.0,9325.768222802553,32637.00315669099,106776.40486728757,0.0,0.0,0.0,0.0,32944.65356902361,13802601665.210867,32249.236753955334
5059.482566370194,0.0,9325.768222802553,32637.00315669099,106776.40486728757,0.0,0.0,0.0,0.0,32944.65356902361,13802601665.210867,32249.236753955334
5961.847989363785,0.0,9415.260746697908,36513.87551494058,95619.04287735296,0.0,0.0,0.0,11319.928663273295,32944.653569023554,13802601665.210869,33266.6396044301
28240.972285851803,5342.037736452772,6281.962823414935,42809.334795901224,91352.19804850113,0.0,0.0,0.0,7718.082716890473,32944.65356902357,13802601665.210869,16977.565472945153
28240.972285851803,5342.037736452772,6281.962823414935,42809.334795901224,91352.19804850113,0.0,0.0,0.0,7718.082716890473,32944.65356902357,13802601665.210869,16977.565472945153
5961.847989363785,0.0,9415.260746697908,36513.87551494058,95619.04287735296,0.0,0.0,0.0,11319.928663273295,32944.653569023554,13802601665.210869,33266.6396044301
29095.032089020697,5152.576566554269,6329.229271308652,43035.81874647321,90922.2601967245,0.0,0.0,0.0,8589.800422025437,32944.6535690236,13802601665.21087,16282.290192112829
29514.159434869085,4628.0226566915,6600.426476428994,43732.30771701983,88900.9810955965,0.0,0.0,0.0,11358.42410801857,32944.653569023525,13802601665.21087,16125.590468370869
28240.972285851803,5342.037736452772,6281.962823414935,42809.334795901224,91352.19804850113,0.0,0.0,0.0,7718.082716890473,32944.65356902357,13802601665.210869,16977.565472945153
29095.032089020697,5152.576566554269,6329.229271308652,43035.81874647321,90922.2601967245,0.0,0.0,0.0,8589.800422025437,32944.6535690236,13802601665.21087,16282.290192112829
29514.159434869085,4628.0226566915,6600.426476428994,43732.30771701983,88900.9810955965,0.0,0.0,0.0,11358.42410801857,32944.653569023525,13802601665.21087,16125.590468370869
29619.789092891246,4550.301397451507,6348.13830643208,34011.50309952283,97485.17656295214,0.0,0.0,0.0,13123.196355039145,32944.65356902356,13802601665.210869,16534.14586224629
6111.422808862779,0.0,9341.77481680859,33975.40601364784,96670.00607986293,0.0,0.0,0.0,14721.25434749066,32944.65356902354,13802601665.21087,33017.68714180253
29619.789092891246,4550.301397451507,6348.13830643208,34011.50309952283,97485.17656295214,0.0,0.0,0.0,13123.196355039145,32944.65356902356,13802601665.210869,16534.14586224629
6004.236805744778,0.0,9384.954582486027,34163.14025737772,97095.54889391149,0.0,0.0,0.0,13171.374051165898,32944.65356902355,13802601665.210869,33214.88451876903
5059.482566370045,0.0,9325.768222802702,32637.00315669098,106776.40486728757,0.0,0.0,0.0,0.0,32944.6535690236,13802601665.210869,32249.23675395535
4953.148448655647,0.0,9494.98074526901,32883.31041958379,106068.72925299837,0.0,0.0,0.0,650.7945143549762,32944.65356902359,13802601665.21087,32346.69708691307
5565.48971497372,0.0,9409.214379144909,34944.15267479007,100143.55170041161,0.0,0.0,0.0,6332.96271055619,32944.653569023554,13802601665.210869,33048.39891182298
4950.572983132255,0.0,9479.053140144155,33671.33514378393,105698.3597888659,0.0,0.0,0.0,0.0,32944.653569023576,13802601665.210869,32263.871802014066
5709.821646499998,0.0,8344.483740690113,25966.062216853355,114115.01517151119,0.0,0.0,0.0,0.0,32944.6535690236,13802601665.210869,31798.42473710016
5059.482566370194,0.0,9325.768222802553,32637.00315669099,106776.40486728757,0.0,0.0,0.0,0.0,32944.65356902361,13802601665.210867,32249.236753955334
5059.482566370194,0.0,9325.768222802553,32637.00315669099,106776.40486728757,0.0,0.0,0.0,0.0,32944.65356902361,13802601665.210867,32249.236753955334
23245.117480424633,3836.2395625592417,6367.9993947093935,48672.949606866314,65803.18882216752,33629.94882511021,171.01765244484255,0.0,2201.747011071882,32944.65356902355,13802601665.21087,9887.51623422598
2876.13766386551,3475.783843930485,6418.156858050881,15965.182127485317,85144.38638633542,68669.47604296656,0.0,0.0,0.0,32944.653569023576,13802601665.210857,2941.7402712025364
28645.98604942408,5118.556140751454,6230.250191777882,44854.6578252128,88442.30182645781,2733.9278261838726,0.0,0.0,7327.750797984284,32944.65356902361,13802601665.210869,15216.680006695566
29541.469629030245,4608.00679015313,6510.625137931273,44380.57318163406,88920.88127172999,0.0,0.0,0.0,11065.362380759585,32944.653569023605,13802601665.210869,15656.804853097596
3005.3550193670235,4486.1443882505555,4731.356733815635,11641.268707928994,121610.27803538315,26320.666420808597,2405.181170589854,0.0,9268.379767545748,30545.40743502455,13802601665.210867,7799.897785629256
5962.874218884492,0.0,9397.000198005251,33441.08489670206,97833.80138937499,0.0,0.0,0.0,13228.389511131563,32944.653569023554,13802601665.210869,33189.6259752454
3057.471666276072,3519.4154538521034,6515.339973819675,13750.152331849076,84713.28923514564,67411.6388973548,1287.3681743613774,0.0,6909.340622016191,32944.65356902363,13802601665.210861,2570.1458736898135
3057.471666276072,3491.6203989500523,6507.396462133636,13750.152331849076,84553.64001032434,68098.44746276477,1287.3681743613774,0.0,5936.536205242641,32944.653569023576,13802601665.210863,2548.784402400771
5968.738855622145,0.0,9394.819922854445,33462.17967284635,97787.85523311548,0.0,0.0,0.0,13276.928178979046,32944.65356902358,13802601665.210867,33187.9944500647
5852.482251675367,0.0,9429.219338254947,31526.182416529056,99795.31191017604,0.0,0.0,0.0,13540.228166639015,32944.65356902359,13802601665.210867,33039.61180343173
5968.738855622145,0.0,9394.819922854445,33462.17967284635,97787.85523311548,0.0,0.0,0.0,13276.928178979046,32944.65356902358,13802601665.210867,33187.9944500647
5059.482566370194,0.0,9325.768222802553,32637.00315669099,106776.40486728757,0.0,0.0,0.0,0.0,32944.65356902361,13802601665.210867,32249.236753955334
28656.12463454333,4808.645195434274,6377.430498511458,36581.60079896787,95423.4255290323,0.0,0.0,0.0,11558.788285396693,32944.653569023605,13802601665.210869,17244.526267989062
28395.56554885389,5170.909829658467,6400.7825183492405,43386.276866100314,90265.79254699677,0.0,0.0,0.0,8625.66485549309,32944.653569023605,13802601665.210867,16969.965789905542
29565.59292717922,4618.175995532009,6312.79969464181,33913.081704966135,97754.22465887608,0.0,0.0,0.0,12766.094906909944,32944.65356902358,13802601665.210869,16554.786766700825
5989.864813697248,0.0,9404.652962615506,36581.60079896787,95423.42552903238,0.0,0.0,0.0,11558.78828539665,32944.65356902355,13802601665.21087,33264.68184339447
29095.032089020697,5152.576566554269,6329.229271308652,43035.81874647321,90922.2601967245,0.0,0.0,0.0,8589.800422025437,32944.6535690236,13802601665.21087,16282.290192112829
29095.032089020697,5152.576566554269,6329.229271308652,43035.81874647321,90922.2601967245,0.0,0.0,0.0,8589.800422025437,32944.6535690236,13802601665.21087,16282.290192112829
29095.032089020697,5152.576566554269,6329.229271308652,43035.81874647321,90922.2601967245,0.0,0.0,0.0,8589.800422025437,32944.6535690236,13802601665.21087,16282.290192112829
29351.393769689617,4867.893628004529,6282.265588840819,36892.493924754664,95722.40399537118,0.0,0.0,0.0,10991.54638939735,32944.653569023576,13802601665.210867,16483.864424363066
28866.14784909778,4830.104596887115,6370.992732835871,34087.24912616373,97302.23962991308,0.0,0.0,0.0,12911.504132654618,32944.65356902359,13802601665.210869,17041.831238132923
28656.12463454333,4808.645195434274,6377.430498511458,36581.60079896787,95423.4255290323,0.0,0.0,0.0,11558.788285396693,32944.653569023605,13802601665.210869,17244.526267989062
28656.12463454333,4808.645195434274,6377.430498511458,36581.60079896787,95423.4255290323,0.0,0.0,0.0,11558.788285396693,32944.653569023605,13802601665.210869,17244.526267989062
29445.606797418786,4710.443423142253,6575.936002601768,44231.56790395423,88668.14147873511,0.0,0.0,0.0,10839.474465238896,32944.653569023576,13802601665.210869,16123.459271315322
6103.725052077028,0.0,9361.539960703241,36856.316576663354,94628.81288137921,0.0,0.0,0.0,12592.934307215497,32944.653569023576,13802601665.210869,33225.42279798623
5975.231851276008,0.0,9395.902919813307,34087.249126163726,97302.23962991308,0.0,0.0,0.0,12911.504132654634,32944.65356902356,13802601665.210865,33224.77741288309
5975.231851276006,0.0,9395.902919813303,34087.24912616371,97302.2396299131,0.0,0.0,0.0,12911.504132654618,32944.65356902356,13802601665.210865,33224.77741288309
5989.8648136972515,0.0,9404.6529626155,36581.60079896784,95423.42552903239,0.0,0.0,0.0,11558.788285396637,32944.65356902357,13802601665.210869,33264.68184339451
6004.236805744778,0.0,9384.954582486027,34163.14025737772,97095.54889391149,0.0,0.0,0.0,13171.374051165898,32944.65356902355,13802601665.210869,33214.88451876903
5975.231851276008,0.0,9395.902919813307,34087.249126163726,97302.23962991308,0.0,0.0,0.0,12911.504132654634,32944.65356902356,13802601665.210865,33224.77741288309
6004.236805744778,0.0,9384.954582486027,34163.14025737772,97095.54889391149,0.0,0.0,0.0,13171.374051165898,32944.65356902355,13802601665.210869,33214.88451876903
6103.725052077028,0.0,9361.539960703241,36856.316576663354,94628.81288137921,0.0,0.0,0.0,12592.934307215497,32944.653569023576,13802601665.210869,33225.42279798623
6004.236805744782,0.0,9384.954582486029,34163.140257377745,97095.54889391144,0.0,0.0,0.0,13171.374051165902,32944.65356902356,13802601665.210869,33214.884518769046
5975.231851276008,0.0,9395.902919813307,34087.249126163726,97302.23962991308,0.0,0.0,0.0,12911.504132654634,32944.65356902356,13802601665.210865,33224.77741288309
6004.236805744778,0.0,9384.954582486027,34163.14025737772,97095.54889391149,0.0,0.0,0.0,13171.374051165898,32944.65356902355,13802601665.210869,33214.88451876903
5975.231851276006,0.0,9395.902919813303,34087.24912616371,97302.2396299131,0.0,0.0,0.0,12911.504132654618,32944.65356902356,13802601665.210865,33224.77741288309
5796.84216779226,0.0,9450.138501849582,31366.32111503596,100202.12313263235,0.0,0.0,0.0,13078.916309311033,32944.653569023605,13802601665.210869,33044.16202766248
5962.874218884492,0.0,9397.000198005251,33441.08489670206,97833.80138937499,0.0,0.0,0.0,13228.389511131563,32944.653569023554,13802601665.210869,33189.6259752454
5240.796094139248,0.0,9619.493022749106,22936.82378875907,109203.78127231414,0.0,0.0,0.0,14559.761234447946,32944.65356902356,13802601665.210869,31991.083992631273
5962.874218884492,0.0,9397.000198005251,33441.08489670206,97833.80138937499,0.0,0.0,0.0,13228.389511131563,32944.653569023554,13802601665.210869,33189.6259752454
5642.296330495268,0.0,9494.242399098788,28513.083797309122,103072.76495013651,0.0,0.0,0.0,13904.679396217387,32944.65356902356,13802601665.210867,32689.657926786775
5785.300157526205,0.0,9449.91979969083,30548.823022894718,100853.2055775619,0.0,0.0,0.0,13659.989027202653,32944.653569023554,13802601665.210869,32930.14980380668
5240.796094139248,0.0,9619.493022749106,22936.82378875907,109203.78127231414,0.0,0.0,0.0,14559.761234447946,32944.65356902356,13802601665.210869,31991.083992631273
4520.884697775874,0.0,9850.246642284437,14000.41532388952,119429.62297134749,0.0,0.0,0.0,15491.046060180717,32944.653569023576,13802601665.210869,30560.381642415756
4413.064613767565,0.0,7758.415687343007,0.0,147806.20430077094,0.0,390.57239057239184,0.0,14397.444306525633,22791.635822265675,13802601665.210869,18317.76086203383
5958.590419771699,0.0,7679.405673518215,0.0,135163.82678198352,0.0,6789.001057067427,0.0,11764.423268049033,32944.6535690236,13802601665.210867,27788.45176133717
4531.907935113012,0.0,9840.157070559642,13009.095144474859,120088.15149188197,0.0,3819.606359834835,0.0,12770.003679891344,32944.653569023605,13802601665.210869,30347.820613330965
4531.907935113012,0.0,9840.157070559642,13009.095144474859,120088.15149188197,0.0,3819.606359834835,0.0,12770.003679891344,32944.653569023605,13802601665.210869,30347.820613330965
1645.744123217246,9482.075153555375,4228.908740461415,42119.206400879826,92025.63692670118,0.0,0.0,0.0,8773.224337281648,32944.65356902358,12548084916.276648,15970.26292535377
1572.6869955540315,9691.724511908735,4013.6069650084783,35989.15862630058,96826.0961610113,0.0,0.0,0.0,11164.94998539779,32944.653569023576,12547819695.646246,16161.956286769077
1595.6428184848419,10020.995928876586,3697.8541604549546,33823.69264171802,97967.75057008286,0.0,0.0,0.0,13063.525788183715,32944.6535690236,12548717171.576174,16232.278160225815
1620.4359611541086,9502.522152217593,4203.674477211327,39852.28678094214,93809.38828020247,0.0,0.0,0.0,9653.846153846152,32944.653569023554,12547868321.620522,16033.624121095669
1645.744123217246,9482.075153555375,4228.908740461415,42119.206400879826,92025.63692670118,0.0,0.0,0.0,8773.224337281648,32944.65356902358,12548084916.276648,15970.26292535377
1584.6867070829815,9917.917155909994,3774.7497747362067,33869.614844901116,98257.03796869425,0.0,0.0,0.0,12438.190979273704,32944.6535690236,12548044980.149607,16222.613077147118
1584.6867070829815,9917.917155909994,3774.7497747362067,33869.614844901116,98257.03796869425,0.0,0.0,0.0,12438.190979273704,32944.6535690236,12548044980.149607,16222.613077147118
1645.744123217246,9482.075153555375,4228.908740461415,42119.206400879826,92025.63692670118,0.0,0.0,0.0,8773.224337281648,32944.65356902358,12548084916.276648,15970.26292535377
1595.6428184848419,10020.995928876586,3697.8541604549546,33823.69264171802,97967.75057008286,0.0,0.0,0.0,13063.525788183715,32944.6535690236,12548717171.576174,16232.278160225815
1572.6869955540315,9691.724511908735,4013.6069650084783,35989.15862630058,96826.0961610113,0.0,0.0,0.0,11164.94998539779,32944.653569023576,12547819695.646246,16161.956286769077
1645.744123217246,9482.075153555375,4228.908740461415,42119.206400879826,92025.63692670118,0.0,0.0,0.0,8773.224337281648,32944.65356902358,12548084916.276648,15970.26292535377
1572.6869955540315,9691.724511908735,4013.6069650084783,35989.15862630058,96826.0961610113,0.0,0.0,0.0,11164.94998539779,32944.653569023576,12547819695.646246,16161.956286769077
1584.6867070829815,9917.917155909994,3774.7497747362067,33869.614844901116,98257.03796869425,0.0,0.0,0.0,12438.190979273704,32944.6535690236,12548044980.149607,16222.613077147118
1645.744123217246,9482.075153555375,4228.908740461415,42119.206400879826,92025.63692670118,0.0,0.0,0.0,8773.224337281648,32944.65356902358,12548084916.276648,15970.26292535377
1584.6867070829815,9917.917155909994,3774.7497747362067,33869.614844901116,98257.03796869425,0.0,0.0,0.0,12438.190979273704,32944.6535690236,12548044980.149607,16222.613077147118
1620.4359611541086,9502.522152217593,4203.674477211327,39852.28678094214,93809.38828020247,0.0,0.0,0.0,9653.846153846152,32944.653569023554,12547868321.620522,16033.624121095669
1645.744123217246,9482.075153555375,4228.908740461415,42119.206400879826,92025.63692670118,0.0,0.0,0.0,8773.224337281648,32944.65356902358,12548084916.276648,15970.26292535377
1645.744123217246,9482.075153555375,4228.908740461415,42119.206400879826,92025.63692670118,0.0,0.0,0.0,8773.224337281648,32944.65356902358,12548084916.276648,15970.26292535377
1572.6869955540315,9691.724511908735,4013.6069650084783,35989.15862630058,96826.0961610113,0.0,0.0,0.0,11164.94998539779,32944.653569023576,12547819695.646246,16161.956286769077
1572.6869955540315,9691.724511908735,4013.6069650084783,35989.15862630058,96826.0961610113,0.0,0.0,0.0,11164.94998539779,32944.653569023576,12547819695.646246,16161.956286769077
1620.4359611541086,9502.522152217593,4203.674477211327,39852.28678094214,93809.38828020247,0.0,0.0,0.0,9653.846153846152,32944.653569023554,12547868321.620522,16033.624121095669
1572.6869955540315,9691.724511908735,4013.6069650084783,35989.15862630058,96826.0961610113,0.0,0.0,0.0,11164.94998539779,32944.653569023576,12547819695.646246,16161.956286769077
1620.4359611541086,9502.522152217593,4203.674477211327,39852.28678094214,93809.38828020247,0.0,0.0,0.0,9653.846153846152,32944.653569023554,12547868321.620522,16033.624121095669
1645.744123217246,9482.075153555375,4228.908740461415,42119.206400879826,92025.63692670118,0.0,0.0,0.0,8773.224337281648,32944.65356902358,12548084916.276648,15970.26292535377
1620.4359611541086,9502.522152217593,4203.674477211327,39852.28678094214,93809.38828020247,0.0,0.0,0.0,9653.846153846152,32944.653569023554,12547868321.620522,16033.624121095669
1572.6869955540315,9691.724511908735,4013.6069650084783,35989.15862630058,96826.0961610113,0.0,0.0,0.0,11164.94998539779,32944.653569023576,12547819695.646246,16161.956286769077
1620.4359611541086,9502.522152217593,4203.674477211327,39852.28678094214,93809.38828020247,0.0,0.0,0.0,9653.846153846152,32944.653569023554,12547868321.620522,16033.624121095669
1572.6869955540315,9691.724511908735,4013.6069650084783,35989.15862630058,96826.0961610113,0.0,0.0,0.0,11164.94998539779,32944.653569023576,12547819695.646246,16161.956286769077
1645.744123217246,9482.075153555375,4228.908740461415,42119.206400879826,92025.63692670118,0.0,0.0,0.0,8773.224337281648,32944.65356902358,12548084916.276648,15970.26292535377
1572.6869955540315,9691.724511908735,4013.6069650084783,35989.15862630058,96826.0961610113,0.0,0.0,0.0,11164.94998539779,32944.653569023576,12547819695.646246,16161.956286769077
1584.6867070829815,9917.917155909994,3774.7497747362067,33869.614844901116,98257.03796869425,0.0,0.0,0.0,12438.190979273704,32944.6535690236,12548044980.149607,16222.613077147118
1645.744123217246,9482.075153555375,4228.908740461415,42119.206400879826,92025.63692670118,0.0,0.0,0.0,8773.224337281648,32944.65356902358,12548084916.276648,15970.26292535377
1620.4359611541086,9502.522152217593,4203.674477211327,39852.28678094214,93809.38828020247,0.0,0.0,0.0,9653.846153846152,32944.653569023554,12547868321.620522,16033.624121095669
1645.744123217246,9482.075153555375,4228.908740461415,42119.206400879826,92025.63692670118,0.0,0.0,0.0,8773.224337281648,32944.65356902358,12548084916.276648,15970.26292535377
1584.6867070829815,9917.917155909994,3774.7497747362067,33869.614844901116,98257.03796869425,0.0,0.0,0.0,12438.190979273704,32944.6535690236,12548044980.149607,16222.613077147118
1584.6867070829815,9917.917155909994,3774.7497747362067,33869.614844901116,98257.03796869425,0.0,0.0,0.0,12438.190979273704,32944.6535690236,12548044980.149607,16222.613077147118
1584.6867070829815,9917.917155909994,3774.7497747362067,33869.614844901116,98257.03796869425,0.0,0.0,0.0,12438.190979273704,32944.6535690236,12548044980.149607,16222.613077147118
1572.6869955540315,9691.724511908735,4013.6069650084783,35989.15862630058,96826.0961610113,0.0,0.0,0.0,11164.94998539779,32944.653569023576,12547819695.646246,16161.956286769077
1572.6869955540315,9691.724511908735,4013.6069650084783,35989.15862630058,96826.0961610113,0.0,0.0,0.0,11164.94998539779,32944.653569023576,12547819695.646246,16161.956286769077
1645.744123217246,9482.075153555375,4228.908740461415,42119.206400879826,92025.63692670118,0.0,0.0,0.0,8773.224337281648,32944.65356902358,12548084916.276648,15970.26292535377
1645.744123217246,9482.075153555375,4228.908740461415,42119.206400879826,92025.63692670118,0.0,0.0,0.0,8773.224337281648,32944.65356902358,12548084916.276648,15970.26292535377
1620.4359611541086,9502.522152217593,4203.674477211327,39852.28678094214,93809.38828020247,0.0,0.0,0.0,9653.846153846152,32944.653569023554,12547868321.620522,16033.624121095669
1645.744123217246,9482.075153555375,4228.908740461415,42119.206400879826,92025.63692670118,0.0,0.0,0.0,8773.224337281648,32944.65356902358,12548084916.276648,15970.26292535377
1620.4359611541086,9502.522152217593,4203.674477211327,39852.28678094214,93809.38828020247,0.0,0.0,0.0,9653.846153846152,32944.653569023554,12547868321.620522,16033.624121095669
1572.6869955540315,9691.724511908735,4013.6069650084783,35989.15862630058,96826.0961610113,0.0,0.0,0.0,11164.94998539779,32944.653569023576,12547819695.646246,16161.956286769077
1572.6869955540315,9691.724511908735,4013.6069650084783,35989.15862630058,96826.0961610113,0.0,0.0,0.0,11164.94998539779,32944.653569023576,12547819695.646246,16161.956286769077
1620.4359611541086,9502.522152217593,4203.674477211327,39852.28678094214,93809.38828020247,0.0,0.0,0.0,9653.846153846152,32944.653569023554,12547868321.620522,16033.624121095669
1620.4359611541086,9502.522152217593,4203.674477211327,39852.28678094214,93809.38828020247,0.0,0.0,0.0,9653.846153846152,32944.653569023554,12547868321.620522,16033.624121095669
1572.6869955540315,9691.724511908735,4013.6069650084783,35989.15862630058,96826.0961610113,0.0,0.0,0.0,11164.94998539779,32944.653569023576,12547819695.646246,16161.956286769077
1620.4359611541086,9502.522152217593,4203.674477211327,39852.28678094214,93809.38828020247,0.0,0.0,0.0,9653.846153846152,32944.653569023554,12547868321.620522,16033.624121095669
1645.744123217246,9482.075153555375,4228.908740461415,42119.206400879826,92025.63692670118,0.0,0.0,0.0,8773.224337281648,32944.65356902358,12548084916.276648,15970.26292535377
1879.9238970898655,9479.841327871709,3966.867365621453,39852.28678094216,93809.38828020243,0.0,0.0,0.0,9653.846153846152,32944.65356902357,12547868321.62052,16033.624121095663
1572.6869955540315,9691.724511908735,4013.6069650084783,35989.15862630058,96826.0961610113,0.0,0.0,0.0,11164.94998539779,32944.653569023576,12547819695.646246,16161.956286769077
1645.744123217246,9482.075153555375,4228.908740461415,42119.206400879826,92025.63692670118,0.0,0.0,0.0,8773.224337281648,32944.65356902358,12548084916.276648,15970.26292535377
1572.6869955540315,9691.724511908735,4013.6069650084783,35989.15862630058,96826.0961610113,0.0,0.0,0.0,11164.94998539779,32944.653569023576,12547819695.646246,16161.956286769077
1572.6869955540315,9691.724511908735,4013.6069650084783,35989.15862630058,96826.0961610113,0.0,0.0,0.0,11164.94998539779,32944.653569023576,12547819695.646246,16161.956286769077
1584.6867070829815,9917.917155909994,3774.7497747362067,33869.614844901116,98257.03796869425,0.0,0.0,0.0,12438.190979273704,32944.6535690236,12548044980.149607,16222.613077147118
1572.6869955540315,9691.724511908735,4013.6069650084783,35989.15862630058,96826.0961610113,0.0,0.0,0.0,11164.94998539779,32944.653569023576,12547819695.646246,16161.956286769077
1620.4359611541086,9502.522152217593,4203.674477211327,39852.28678094214,93809.38828020247,0.0,0.0,0.0,9653.846153846152,32944.653569023554,12547868321.620522,16033.624121095669
1572.6869955540315,9691.724511908735,4013.6069650084783,35989.15862630058,96826.0961610113,0.0,0.0,0.0,11164.94998539779,32944.653569023576,12547819695.646246,16161.956286769077
1620.4359611541086,9502.522152217593,4203.674477211327,39852.28678094214,93809.38828020247,0.0,0.0,0.0,9653.846153846152,32944.653569023554,12547868321.620522,16033.624121095669
1572.6869955540315,9691.724511908735,4013.6069650084783,35989.15862630058,96826.0961610113,0.0,0.0,0.0,11164.94998539779,32944.653569023576,12547819695.646246,16161.956286769077
1645.744123217246,9482.075153555375,4228.908740461415,42119.206400879826,92025.63692670118,0.0,0.0,0.0,8773.224337281648,32944.65356902358,12548084916.276648,15970.26292535377
1645.744123217246,9482.075153555375,4228.908740461415,42119.206400879826,92025.63692670118,0.0,0.0,0.0,8773.224337281648,32944.65356902358,12548084916.276648,15970.26292535377
29219.89832241375,5137.154156946017,6269.036850658886,42741.00441687668,91474.49756609176,0.0,0.0,0.0,8559.630343727997,32944.6535690236,13802601665.210869,16007.551773566753
29586.063196463503,4624.173778182005,6580.06519947659,44249.61700977489,88631.86521235194,0.0,0.0,0.0,11208.937632363939,32944.65356902362,13802601665.210869,15920.267842074318
29645.59106500301,4609.53449470687,6527.868484014998,43012.29254268035,89836.09226560287,0.0,0.0,0.0,11400.536075706546,32944.653569023576,13802601665.21087,15863.146727145719
29645.59106500301,4609.53449470687,6527.868484014998,43012.29254268035,89836.09226560287,0.0,0.0,0.0,11400.536075706546,32944.653569023576,13802601665.21087,15863.146727145719
29645.59106500301,4609.53449470687,6527.868484014998,43012.29254268035,89836.09226560287,0.0,0.0,0.0,11400.536075706546,32944.653569023576,13802601665.21087,15863.146727145719
29586.063196463503,4624.173778182005,6580.06519947659,44249.61700977489,88631.86521235194,0.0,0.0,0.0,11208.937632363939,32944.65356902362,13802601665.210869,15920.267842074318
29645.59106500301,4609.53449470687,6527.868484014998,43012.29254268035,89836.09226560287,0.0,0.0,0.0,11400.536075706546,32944.653569023576,13802601665.21087,15863.146727145719
29586.063196463503,4624.173778182005,6580.06519947659,44249.61700977489,88631.86521235194,0.0,0.0,0.0,11208.937632363939,32944.65356902362,13802601665.210869,15920.267842074318
29645.59106500301,4609.53449470687,6527.868484014998,43012.29254268035,89836.09226560287,0.0,0.0,0.0,11400.536075706546,32944.653569023576,13802601665.21087,15863.146727145719
29645.59106500301,4609.53449470687,6527.868484014998,43012.29254268035,89836.09226560287,0.0,0.0,0.0,11400.536075706546,32944.653569023576,13802601665.21087,15863.146727145719
0.0,4510.8186947551,36115.270635263456,42741.00441687669,91474.49756609181,0.0,0.0,0.0,8559.630343727971,32944.65356902355,13802601665.21087,16007.551773566753
5043.075053872317,9088.99163120285,1417.1369138236876,23557.244624274528,102847.68379661844,0.0,0.0,0.0,59715.50561749597,32944.65356902356,13802601665.210867,14884.047185306677
54.80738229500821,4624.173778181994,36111.32101364503,44249.6170097748,88631.86521235213,0.0,0.0,0.0,11208.937632363934,32944.65356902352,13802601665.210873,15920.267842074314
1591.204025115068,9478.04758246949,4302.908330232407,42741.00441687665,91474.49756609187,0.0,0.0,0.0,8559.63034372796,32944.65356902353,12549004994.440815,16007.551773566753
1591.204025115068,9478.04758246949,4302.908330232407,42741.00441687665,91474.49756609187,0.0,0.0,0.0,8559.63034372796,32944.65356902353,12549004994.440815,16007.551773566753
0.0,4510.8186947551,36115.270635263456,42741.00441687669,91474.49756609181,0.0,0.0,0.0,8559.630343727971,32944.65356902355,13802601665.21087,16007.551773566753
0.0,4624.173778181996,36166.12839594001,44249.61700977484,88631.86521235206,0.0,0.0,0.0,11208.937632363935,32944.65356902355,13802601665.210869,15920.267842074316
1715.7924069370274,9610.763599540478,4131.976910417776,43355.34463713967,90316.81208110193,0.0,0.0,0.0,9653.84615384619,32944.653569023605,12549845859.406065,15962.81538391449
1747.9862123518978,9505.575835621095,4330.67146063174,44249.61700977494,88631.8652123519,0.0,0.0,0.0,11208.937632363934,32944.653569023605,12551380785.023746,15920.26784207432
0.0,4624.173778181996,36166.12839594001,44249.61700977484,88631.86521235206,0.0,0.0,0.0,11208.937632363935,32944.65356902355,13802601665.210869,15920.267842074316
1591.204025115068,9478.04758246949,4302.908330232407,42741.00441687665,91474.49756609187,0.0,0.0,0.0,8559.63034372796,32944.65356902353,12549004994.440815,16007.551773566753
1754.1961230315937,9586.922106250433,4199.936249578968,43012.29254268032,89836.09226560293,0.0,0.0,0.0,11400.536075706534,32944.653569023554,12549600165.489262,15863.146727145719
0.0,4510.8186947551,36115.270635263456,42741.00441687669,91474.49756609181,0.0,0.0,0.0,8559.630343727971,32944.65356902355,13802601665.21087,16007.551773566753
54.80738229500821,4624.173778181994,36111.32101364503,44249.6170097748,88631.86521235213,0.0,0.0,0.0,11208.937632363934,32944.65356902352,13802601665.210873,15920.267842074314
1645.744123217246,9482.075153555375,4228.908740461415,42119.206400879826,92025.63692670118,0.0,0.0,0.0,8773.224337281648,32944.65356902358,12548084916.276648,15970.26292535377
1591.204025115068,9478.04758246949,4302.908330232407,42741.00441687665,91474.49756609187,0.0,0.0,0.0,8559.63034372796,32944.65356902353,12549004994.440815,16007.551773566753
1681.8796733354902,9676.69159761967,4058.9489678235786,42413.32425931917,91303.79714650314,0.0,0.0,0.0,9653.846153846149,32944.653569023554,12548468848.81375,15926.547599368403
1645.744123217246,9482.075153555375,4228.908740461415,42119.206400879826,92025.63692670118,0.0,0.0,0.0,8773.224337281648,32944.65356902358,12548084916.276648,15970.26292535377
1681.8796733354902,9676.69159761967,4058.9489678235786,42413.32425931917,91303.79714650314,0.0,0.0,0.0,9653.846153846149,32944.653569023554,12548468848.81375,15926.547599368403
1645.744123217246,9482.075153555375,4228.908740461415,42119.206400879826,92025.63692670118,0.0,0.0,0.0,8773.224337281648,32944.65356902358,12548084916.276648,15970.26292535377
1645.744123217246,9482.075153555375,4228.908740461415,42119.206400879826,92025.63692670118,0.0,0.0,0.0,8773.224337281648,32944.65356902358,12548084916.276648,15970.26292535377
1754.1961230315937,9586.922106250433,4199.936249578968,43012.29254268032,89836.09226560293,0.0,0.0,0.0,11400.536075706534,32944.653569023554,12549600165.489262,15863.146727145719
28175.528621757996,5125.628357867738,6274.221921868822,46879.743998656966,85415.54049964024,4819.593120491527,0.0,0.0,6403.382582301977,32944.65356902356,13802601665.210867,14865.880773656463
28175.528621757996,5125.628357867738,6274.221921868822,46879.743998656966,85415.54049964024,4819.593120491527,0.0,0.0,6403.382582301977,32944.65356902356,13802601665.210867,14865.880773656463
29645.59106500301,4609.53449470687,6527.868484014998,43012.29254268035,89836.09226560287,0.0,0.0,0.0,11400.536075706546,32944.653569023576,13802601665.21087,15863.146727145719
28175.528621757996,5125.628357867738,6274.221921868822,46879.743998656966,85415.54049964024,4819.593120491527,0.0,0.0,6403.382582301977,32944.65356902356,13802601665.210867,14865.880773656463
3153.4246133025476,4619.992416243405,4023.7100003223204,13583.04808342954,122063.86314532421,29126.41892109676,0.0,0.0,0.0,30514.24618760116,13802601665.210861,8667.32033627341
29645.59106500301,4609.53449470687,6527.868484014998,43012.29254268035,89836.09226560287,0.0,0.0,0.0,11400.536075706546,32944.653569023576,13802601665.21087,15863.146727145719
3153.4246133025476,4619.992416243405,4023.7100003223204,13583.04808342954,122063.86314532421,29126.41892109676,0.0,0.0,0.0,30514.24618760116,13802601665.210861,8667.32033627341
29645.59106500301,4609.53449470687,6527.868484014998,43012.29254268035,89836.09226560287,0.0,0.0,0.0,11400.536075706546,32944.653569023576,13802601665.21087,15863.146727145719
3153.4246133025476,4619.992416243405,4023.7100003223204,13583.04808342954,122063.86314532421,29126.41892109676,0.0,0.0,0.0,30514.24618760116,13802601665.210861,8667.32033627341
3153.4246133025476,4619.992416243405,4023.7100003223204,13583.04808342954,122063.86314532421,29126.41892109676,0.0,0.0,0.0,30514.24618760116,13802601665.210861,8667.32033627341
3153.4246133025476,4619.992416243405,4023.7100003223204,13583.04808342954,122063.86314532421,29126.41892109676,0.0,0.0,0.0,30514.24618760116,13802601665.210861,8667.32033627341
3153.4246133025476,4619.992416243405,4023.7100003223204,13583.04808342954,122063.86314532421,29126.41892109676,0.0,0.0,0.0,30514.24618760116,13802601665.210861,8667.32033627341
3153.4246133025476,4619.992416243405,4023.7100003223204,13583.04808342954,122063.86314532421,29126.41892109676,0.0,0.0,0.0,30514.24618760116,13802601665.210861,8667.32033627341
3153.4246133025476,4619.992416243405,4023.7100003223204,13583.04808342954,122063.86314532421,29126.41892109676,0.0,0.0,0.0,30514.24618760116,13802601665.210861,8667.32033627341
2894.84288050964,4605.805734257991,4935.517160361619,11281.31723955202,123099.37178656191,21789.42218917104,3534.7147579615817,0.0,14608.218778077768,32944.653569023576,13802601665.210869,7773.079531227435
3153.4246133025476,4619.992416243405,4023.7100003223204,13583.04808342954,122063.86314532421,29126.41892109676,0.0,0.0,0.0,30514.24618760116,13802601665.210861,8667.32033627341
1572.6869955540315,9691.724511908735,4013.6069650084783,35989.15862630058,96826.0961610113,0.0,0.0,0.0,11164.94998539779,32944.653569023576,12547819695.646246,16161.956286769077
2894.84288050964,4605.805734257991,4935.517160361619,11281.31723955202,123099.37178656191,21789.42218917104,3534.7147579615817,0.0,14608.218778077768,32944.653569023576,13802601665.210869,7773.079531227435
1572.6869955540315,9691.724511908735,4013.6069650084783,35989.15862630058,96826.0961610113,0.0,0.0,0.0,11164.94998539779,32944.653569023576,12547819695.646246,16161.956286769077
2894.84288050964,4605.805734257991,4935.517160361619,11281.31723955202,123099.37178656191,21789.42218917104,3534.7147579615817,0.0,14608.218778077768,32944.653569023576,13802601665.210869,7773.079531227435
1620.4359611541086,9502.522152217593,4203.674477211327,39852.28678094214,93809.38828020247,0.0,0.0,0.0,9653.846153846152,32944.653569023554,12547868321.620522,16033.624121095669
1645.744123217246,9482.075153555375,4228.908740461415,42119.206400879826,92025.63692670118,0.0,0.0,0.0,8773.224337281648,32944.65356902358,12548084916.276648,15970.26292535377
1620.4359611541086,9502.522152217593,4203.674477211327,39852.28678094214,93809.38828020247,0.0,0.0,0.0,9653.846153846152,32944.653569023554,12547868321.620522,16033.624121095669
1645.744123217246,9482.075153555375,4228.908740461415,42119.206400879826,92025.63692670118,0.0,0.0,0.0,8773.224337281648,32944.65356902358,12548084916.276648,15970.26292535377
1620.4359611541086,9502.522152217593,4203.674477211327,39852.28678094214,93809.38828020247,0.0,0.0,0.0,9653.846153846152,32944.653569023554,12547868321.620522,16033.624121095669
1620.4359611541086,9502.522152217593,4203.674477211327,39852.28678094214,93809.38828020247,0.0,0.0,0.0,9653.846153846152,32944.653569023554,12547868321.620522,16033.624121095669
